ObjectId,ogcfid,typ_opatreni,rok_realizace,delka,datum_exportu,GlobalID,SHAPE_Length
1,639,Jízda cyklistů v protisměru (piktogram),2021,149.77,2022/12/16 00:00:00+00,{F1050389-0266-46A5-8281-AD60711AE90A},0.00202936171777727
2,297,Jízda cyklistů v protisměru (piktogram),2017,71.870003,2022/12/16 00:00:00+00,{04371385-F368-42FD-9B83-3DAD4033D0EE},0.000657163415165372
3,712,Stezka pro chodce s povoleným vjezdem cyklistů,2022,53.349998,2022/12/16 00:00:00+00,{39E0D50A-C566-4DF7-9BFA-6F603262172E},0.000485597254448435
4,641,Jízda cyklistů v protisměru (piktogram),2021,248.25,2022/12/16 00:00:00+00,{84B6FC27-C62C-4AB4-9761-2117FF06B4A0},0.00336301568417468
5,336,Piktogramový koridor pro cyklisty - V20,2015,81.139999,2022/12/16 00:00:00+00,{C5C495C3-0BB3-4AEA-BAF0-8C61C062742A},0.000821286825684179
6,693,Piktogramový koridor pro cyklisty - V20,2021,739.69,2022/12/16 00:00:00+00,{1E0CDE6A-89D0-4759-ABCE-AD655E21CF36},0.00762257852214265
7,642,Vyhrazený jízdní pruh pro cyklisty - V14,2021,292.04999,2022/12/16 00:00:00+00,{B6B5D056-F490-4F75-8851-BFC4E2A4C11D},0.0036776887111062
8,650,Piktogramový koridor pro cyklisty - V20,2020,828.57001,2022/12/16 00:00:00+00,{98818B8D-28B9-481A-99DF-72835C496BC6},0.00884903432464447
9,396,Vjezd cyklistům povolen,0,73.459999,2022/12/16 00:00:00+00,{E14A16CA-EC22-46FC-8E2C-04F2D040A945},0.00180113194924885
10,580,Piktogramový koridor pro cyklisty - V20,2019,27.73,2022/12/16 00:00:00+00,{1A2AF14F-40D9-458C-B4A7-55F44C6AFE80},0.000357087684855779
11,701,Piktogramový koridor pro cyklisty - V20,2021,260.42999,2022/12/16 00:00:00+00,{2C31002A-9F49-48A5-9077-5637FEAC186F},0.0034843200376806
12,651,Piktogramový koridor pro cyklisty - V20,2019,257.79001,2022/12/16 00:00:00+00,{35DDCD33-633F-4835-A65C-C76A355EA5D3},0.0029869470548566
13,600,Vyhrazený jízdní pruh pro cyklisty - V14,2019,745.44,2022/12/16 00:00:00+00,{5BE799BB-E74F-4F59-93F5-39B96AF58A72},0.00775582739832506
14,702,Jízda cyklistů v protisměru - E12,2022,135.60001,2022/12/16 00:00:00+00,{35122579-BF3D-4B40-9FBE-15BE9544CCDC},0.00174469001693596
15,703,Piktogramový koridor pro cyklisty - V20,2022,1200.5601,2022/12/16 00:00:00+00,{F36F6F71-5194-426F-92B5-9167B953EE4B},0.0112276287817749
16,461,Jízda cyklistů v protisměru - E12,2018,41.419998,2022/12/16 00:00:00+00,{765F25C2-66D8-49AD-B13C-9E755A99832C},0.000567293001986644
17,552,Zákaz vjezdu všech motorových vozidel - B11,1997,331,2022/12/16 00:00:00+00,{BE7363EF-B74D-4860-B6A0-A2812C8E4F19},0.00386199874579647
18,605,Stezka pro chodce a cyklisty (nedělená) - C9,2019,1460.0699,2022/12/16 00:00:00+00,{CBDB9685-4180-41FB-8373-30E7510FFAF9},0.0189669917593648
19,376,Vjezd cyklistům povolen,2015,11.68,2022/12/16 00:00:00+00,{C3864DBE-B073-477C-8551-50E29638163A},0.000232886094574788
20,316,Piktogramový koridor pro cyklisty - V20,2010,15.47,2022/12/16 00:00:00+00,{452805C0-81EA-4C27-9447-92CEDBAB5097},0.000142365979182556
21,283,Úsek byl zrušen,2014,164.50999,2022/12/16 00:00:00+00,{39758248-9D84-4FD0-B972-491F9E96DCDE},0.00221222547748965
22,640,Jízda cyklistů v protisměru (piktogram),2021,75.540001,2022/12/16 00:00:00+00,{761A8658-B614-4740-9479-770B4B337584},0.00102391040928855
23,632,Jízda cyklistů v protisměru (piktogram),2017,10.41,2022/12/16 00:00:00+00,{1C08A434-49A3-49D5-8281-5C5FBA9A0727},0.00014013314768053
24,644,Jízda cyklistů v protisměru - E12,2021,217.60001,2022/12/16 00:00:00+00,{C96F350E-D09D-4203-A3EB-D6EF820D3780},0.00273168299040974
25,711,Stezka pro chodce a cyklisty (nedělená) - C9,2022,119.76,2022/12/16 00:00:00+00,{19ABA2D7-596B-455D-A3D1-94FEA406B144},0.00136255907650183
26,511,Zákaz vjezdu všech motorových vozidel - B11,2017,3843.5901,2022/12/16 00:00:00+00,{B371D639-63CB-4A73-818E-CD9B6E8D2A08},0.0327083588465944
27,652,Piktogramový koridor pro cyklisty - V20,2019,44.610001,2022/12/16 00:00:00+00,{CCF56FBF-1480-4AAB-845B-8B2B578DF6C2},0.000608072834757457
28,553,Zákaz vjezdu všech motorových vozidel - B11,1997,488.98999,2022/12/16 00:00:00+00,{C44847EF-C634-4352-BBC6-901B9B22B512},0.00605922710592349
29,713,Stezka pro chodce a cyklisty (nedělená) - C9,2022,322.5,2022/12/16 00:00:00+00,{4240C8AD-C65B-41EE-8D4A-CED9E10D0648},0.00380017274282346
30,694,Stezka pro chodce a cyklisty (nedělená) - C9,2021,730.14001,2022/12/16 00:00:00+00,{50440CDD-0258-42D3-9162-0EF97638D510},0.00833671707450069
31,606,Zákaz vjezdu všech motorových vozidel - B11,2015,2630.1499,2022/12/16 00:00:00+00,{E96D68CD-40F0-441C-8F1F-99CF47EE95C7},0.0349188474487376
32,704,Stezka pro chodce s povoleným vjezdem cyklistů,2022,1199.96,2022/12/16 00:00:00+00,{792A6F23-E687-4E4B-8E2B-FFF038D41FDA},0.0143544170814148
33,361,Vjezd cyklistům povolen,2015,41.490002,2022/12/16 00:00:00+00,{DD43E692-D36A-4EEA-A801-930105E1A635},0.000503930233239474
34,284,Úsek byl zrušen,2014,135.22,2022/12/16 00:00:00+00,{FB4256B3-FD8C-4171-A7B7-2AAD1359102C},0.00183269580278104
35,705,Jízda cyklistů v protisměru - E12,2022,133.71001,2022/12/16 00:00:00+00,{B557B80F-8E02-4798-853D-458A38C34CBA},0.00123741511240383
36,242,Jízda cyklistů v protisměru (piktogram),2013,125.65,2022/12/16 00:00:00+00,{893E94DA-83FD-4415-8AA5-0744630FF5FF},0.00128420696642311
37,634,Piktogramový koridor pro cyklisty - V20,2017,21.32,2022/12/16 00:00:00+00,{85B7CB5C-EAF5-453F-A89D-08038D6F0E6B},0.000270869192657834
38,601,Zákaz vjezdu všech motorových vozidel - B11,2019,96.510002,2022/12/16 00:00:00+00,{B89E941B-C1BE-46D7-BF48-96EA4C81ABC8},0.00108939080141457
39,604,Jízda cyklistů v protisměru (piktogram),2019,120.57,2022/12/16 00:00:00+00,{A95C17A3-9A1E-4427-BA3E-83E47B65C494},0.00123868079039784
40,294,Jízda cyklistů v protisměru (piktogram),2017,55.939999,2022/12/16 00:00:00+00,{DB80C998-1ED5-483B-ACF7-4452519BE973},0.000702539661637152
41,223,Vjezd cyklistům povolen,2019,31.51,2022/12/16 00:00:00+00,{38C8C8BF-8548-46D9-BB2B-5A239A5A3B1E},0.000408952925888888
42,609,Vjezd cyklistům povolen,2015,41.490002,2022/12/16 00:00:00+00,{269FB6A4-E746-47E7-A5BE-0BBCD1AA7748},0.000236708740404062
43,197,Stezka pro chodce a cyklisty (nedělená) - C9,2002,252.49001,2022/12/16 00:00:00+00,{2DFBCD7A-3F09-4033-A2A1-4A7684BCEB1E},0.00249035339462528
44,354,Vjezd cyklistům povolen,2015,267.07999,2022/12/16 00:00:00+00,{F0BCB205-2332-44E4-BA83-AC8156C3124D},0.00360362323764019
45,400,Vjezd cyklistům povolen,2008,857.38,2022/12/16 00:00:00+00,{B05DC0B9-408A-4FB6-A0AA-5BED125081EB},0.00843091439947837
46,633,Jízda cyklistů v protisměru - E12,2014,29.01,2022/12/16 00:00:00+00,{10782138-E759-47C3-85C2-4D8BB8230BE7},0.000390311244686165
47,456,Přejezd pro cyklisty,0,15.9,2022/12/16 00:00:00+00,{FA588A95-7E52-4D01-8F10-DA5B179FFE01},0.000184379099783574
48,300,Jízda cyklistů v protisměru (jízdní pruh),2014,204.78999,2022/12/16 00:00:00+00,{D00B0E57-F173-434F-BC45-BE9120713D7B},0.00272602845805932
49,279,Jízda cyklistů v protisměru (piktogram),2013,379.91,2022/12/16 00:00:00+00,{8242F520-88AD-4EAB-A3A1-3F5E88DB2EFB},0.00500622251922952
50,32,Jízda cyklistů v protisměru (piktogram),2016,330.45999,2022/12/16 00:00:00+00,{A21D65DC-898D-4AB7-902E-FA16F2580CA6},0.00313826796214151
51,645,Piktogramový koridor pro cyklisty - V20,2021,126.3,2022/12/16 00:00:00+00,{0D2654DB-1C60-42C1-8B91-416472CC8716},0.00172576356686328
52,655,Piktogramový koridor pro cyklisty - V20,2019,270.79001,2022/12/16 00:00:00+00,{DFFA3344-923D-4B89-BB75-55E903383918},0.003395754292495
53,181,Stezka pro chodce s povoleným vjezdem cyklistů,2020,143.47,2022/12/16 00:00:00+00,{C8F036A7-F4D2-42A3-BB94-78FA3E7AAB73},0.00140220482358242
54,182,Stezka pro chodce s povoleným vjezdem cyklistů,2020,146.58,2022/12/16 00:00:00+00,{CD43C267-58D8-44FF-935B-2B158BAFDE05},0.00143583770587728
55,183,Stezka pro chodce s povoleným vjezdem cyklistů,2020,74.190002,2022/12/16 00:00:00+00,{EB155888-CD39-4C9F-90F0-ACCDE053AA0A},0.000725377581775413
56,184,Stezka pro chodce s povoleným vjezdem cyklistů,2020,70.239998,2022/12/16 00:00:00+00,{0A432385-6B82-4575-A3F9-BD85B3CF67D7},0.000685867278630518
57,690,Stezka pro chodce a cyklisty (dělená) - C10,2021,187.00999,2022/12/16 00:00:00+00,{6DCC820B-0175-4E89-BBFA-DE14D0B83B1A},0.00177076549472078
58,623,Vyhrazený jízdní pruh pro cyklisty - V14,2010,24.01,2022/12/16 00:00:00+00,{1D3CA119-8617-4323-99E2-EC53DDEE522D},0.000274146683070918
59,691,Vyhrazený jízdní pruh pro cyklisty - V14,2019,368.17001,2022/12/16 00:00:00+00,{653DA50C-230D-411A-8D00-3BA17E315BFA},0.00363437348138514
60,653,Vyhrazený jízdní pruh pro cyklisty - V14,2019,38.459999,2022/12/16 00:00:00+00,{EA4DAA58-C086-4409-B119-931F9A3AAFED},0.000544586220435125
61,619,Stezka pro chodce a cyklisty (nedělená) - C9,2020,23.639999,2022/12/16 00:00:00+00,{8C9794F1-A11D-48A1-AADE-F9C15CC1A70B},0.000238998083894314
62,612,Stezka pro chodce a cyklisty (nedělená) - C9,2019,75.220001,2022/12/16 00:00:00+00,{0F1DA4BE-9DA3-4198-B028-85E699B2B354},0.000687027489714888
63,614,Stezka pro chodce a cyklisty (nedělená) - C9,2019,11.3,2022/12/16 00:00:00+00,{8DA58586-EFED-4E92-80FA-8F46B332298F},0.000101819845911087
64,630,Zákaz vjezdu všech motorových vozidel - B11,2020,569.23999,2022/12/16 00:00:00+00,{58EC81E4-092F-4D96-A2B5-45496C4C8F4A},0.0075736532422973
65,248,Jízda cyklistů v protisměru (piktogram),2013,249.44,2022/12/16 00:00:00+00,{40C0262C-8DA8-40DB-8950-EAD79FD5AE23},0.00284476582862005
66,254,Jízda cyklistů v protisměru (piktogram),2014,121.45,2022/12/16 00:00:00+00,{16D47A5B-B302-4E5C-835B-BD621798E95C},0.00148455549032349
67,646,Stezka pro chodce s povoleným vjezdem cyklistů,2021,86.459999,2022/12/16 00:00:00+00,{2B8F32F3-C0E2-4046-B2ED-99C91A4710EF},0.000843082668545349
68,607,Vjezd cyklistům povolen,2019,185.97,2022/12/16 00:00:00+00,{17FDFF59-FDB5-4BDD-A82C-E29C51133F8C},0.00189162362995216
69,451,Jízda cyklistů v protisměru (piktogram),2018,97.68,2022/12/16 00:00:00+00,{97555B95-A7F4-40BC-9243-628E8FA65F1F},0.00126777170040706
70,610,Vjezd cyklistům povolen,2015,96.889999,2022/12/16 00:00:00+00,{CE7EE575-FD91-401C-B41D-491D4E1A43A5},0.000909963176451585
71,280,Jízda cyklistů v protisměru (jízdní pruh),2011,89.209999,2022/12/16 00:00:00+00,{A308C90A-B2A6-4479-BA1B-A45DB3CC7F61},0.00149869621882577
72,352,Vjezd cyklistům povolen,2015,393.67001,2022/12/16 00:00:00+00,{7F3761BA-F809-4786-8708-5A3C2C47D398},0.00467163176301708
73,105,Jízda cyklistů v protisměru (piktogram),2015,152.58,2022/12/16 00:00:00+00,{3EB7C10B-510B-48E2-AE1B-2F8EC1D8395F},0.00202705052045392
74,243,Jízda cyklistů v protisměru (piktogram),2013,125.68,2022/12/16 00:00:00+00,{B3017222-51EA-497C-9646-0953F49FB42B},0.00134376460086375
75,656,Piktogramový koridor pro cyklisty - V20,2019,59.07,2022/12/16 00:00:00+00,{E42ABDFD-1FA0-4397-9068-1F58D490D664},0.000799696398857675
76,611,Piktogramový koridor pro cyklisty - V20,2020,901.39001,2022/12/16 00:00:00+00,{8D4A7BA6-3A0D-4317-B219-2C6887740BB0},0.0088057651351187
77,654,Vyhrazený jízdní pruh pro cyklisty - V14,2019,215.28,2022/12/16 00:00:00+00,{82D9A444-6448-4519-AA86-191F85F6C34E},0.00244359427492235
78,695,Piktogramový koridor pro cyklisty - V20,2021,325.23001,2022/12/16 00:00:00+00,{EBD710DC-EEC3-4915-BE56-73C3FD90D0C4},0.00444086361540042
79,706,Ochranný jízdní pruh pro cyklisty,2022,764.33002,2022/12/16 00:00:00+00,{46D766F2-2DA9-4283-B04E-709B9BBD2C6E},0.0072636749920042
80,615,Stezka pro cyklisty - C8,2019,67.459999,2022/12/16 00:00:00+00,{69B5A47B-5120-4ED4-A7DE-400BABCB5978},0.000839491956208385
81,613,Stezka pro chodce a cyklisty (nedělená) - C9,2019,26.68,2022/12/16 00:00:00+00,{8B797AB5-EB10-4DCA-9314-A74AB7AC672D},0.000271782046840032
82,239,Jízda cyklistů v protisměru - E12,2013,264.70999,2022/12/16 00:00:00+00,{A6F16CEE-6852-4A06-A409-618C9EB2E1DD},0.000799448605688834
83,285,Jízda cyklistů v protisměru (piktogram),2013,332.72,2022/12/16 00:00:00+00,{EB8C181B-C82A-40D8-9FE7-5FDE1DF55CD3},0.00356179609070881
84,696,Vyhrazený jízdní pruh pro cyklisty - V14,2021,496.98999,2022/12/16 00:00:00+00,{57EE8BA5-83C4-4D0F-8893-533FD74D8F25},0.0060132796360498
85,244,Jízda cyklistů v protisměru (jízdní pruh),2015,159.03999,2022/12/16 00:00:00+00,{8A61E9BB-3F76-4190-B54E-4A17B2D7E84D},0.00215224848274148
86,272,Jízda cyklistů v protisměru (piktogram),2012,89.449997,2022/12/16 00:00:00+00,{3F184779-8166-49E8-B26B-0413E9462616},0.00114960618350357
87,353,Vjezd cyklistům povolen,2015,79.269997,2022/12/16 00:00:00+00,{309B0D58-90A1-46DA-91FF-5AB0B9C88259},0.00101602889504224
88,250,Jízda cyklistů v protisměru (piktogram),2017,472.32999,2022/12/16 00:00:00+00,{1B99D8AE-B698-4A4E-82BD-85068F30145A},0.00521628941670065
89,291,Úsek byl zrušen,2015,189.98,2022/12/16 00:00:00+00,{F14AD16E-C678-4AA2-8DE3-6DD887EFC78A},0.0018932939627315
90,75,Jízda cyklistů v protisměru (jízdní pruh),2013,43,2022/12/16 00:00:00+00,{43B29506-77C8-4C32-8971-A60B6CE63AD0},0.000584260409493153
91,377,Vjezd cyklistům zakázán,2015,141.45,2022/12/16 00:00:00+00,{F46E9439-C072-4475-A097-231A69813291},0.00158799027089796
92,616,Stezka pro chodce a cyklisty (nedělená) - C9,2019,27.719999,2022/12/16 00:00:00+00,{EDB8A214-7E4E-40E0-9AEB-14E39AFE7E74},0.000370974822344054
93,692,Jízda cyklistů v protisměru - E12,2021,90.940002,2022/12/16 00:00:00+00,{E193D121-C4E3-4AFB-A41C-4453EF8CEA3C},0.00115450694020355
94,635,Jízda cyklistů v protisměru (piktogram),2020,133.28,2022/12/16 00:00:00+00,{96D1E960-EFE0-4BE3-89D2-9C3D97A9C3E0},0.00120685576777213
95,707,Stezka pro chodce a cyklisty (nedělená) - C9,2022,59.549999,2022/12/16 00:00:00+00,{8EFA68AC-C38F-467D-9D8A-C1D22DC5AF57},0.000537580327314451
96,287,Jízda cyklistů v protisměru (jízdní pruh),2013,44.400002,2022/12/16 00:00:00+00,{74F40C7B-979D-4FBC-89E8-166F2385E720},0.000548267608640548
97,71,Jízda cyklistů v protisměru (piktogram),2014,162.53999,2022/12/16 00:00:00+00,{AAA6B90F-9A99-4DAB-A551-08929886A8B7},0.00222107863841877
98,114,Jízda cyklistů v protisměru (jízdní pruh),2010,189.17999,2022/12/16 00:00:00+00,{B10B06EE-ADBE-47A7-9F64-2847F179DB33},0.00253949055054473
99,631,Piktogramový koridor pro cyklisty - V20,2013,15.05,2022/12/16 00:00:00+00,{7C3FCCB4-8696-4811-8FC7-60B8678B4C2D},0.000158072442250293
100,638,Stezka pro chodce a cyklisty (nedělená) - C9,2000,146.13,2022/12/16 00:00:00+00,{8ADA8ACA-4C88-4A64-A3BD-30E7A97499A1},0.00136982890134622
101,647,Stezka pro chodce s povoleným vjezdem cyklistů,2021,105.9,2022/12/16 00:00:00+00,{FB90F1F6-8D0A-473D-B44B-A7543AE18CCC},0.00103547399880749
102,708,Vyhrazený jízdní pruh pro cyklisty - V14,2022,832.88,2022/12/16 00:00:00+00,{D03398FE-793E-4268-9FE0-7EB41EC1C303},0.0112901903491026
103,709,Jízda cyklistů v protisměru - E12,2022,185.00999,2022/12/16 00:00:00+00,{444102CB-F8EA-4FB1-9B0A-A7799F7DE464},0.00174853658326346
104,710,Jízda cyklistů v protisměru (piktogram),2022,55.470001,2022/12/16 00:00:00+00,{371CEE03-B51F-4B57-841F-8FB129AE27DD},0.000527385316828369
105,657,Piktogramový koridor pro cyklisty - V20,2019,,2022/12/16 00:00:00+00,{D98D1779-429F-4D6D-93D5-CC612E7BBB19},0.00365035477044972
106,637,Stezka pro chodce s povoleným vjezdem cyklistů,2020,649.01001,2022/12/16 00:00:00+00,{BC093C10-A48D-4933-B30D-CAACFE518DBE},0.00818385744269629
107,315,Přejezd pro cyklisty,0,8.3400002,2022/12/16 00:00:00+00,{A36A6CC9-68CE-40A3-9F5C-E6CB3B6567A4},0.000107643985905194
108,384,Jízda cyklistů v protisměru (piktogram),2018,140.57001,2022/12/16 00:00:00+00,{4EC2FEBD-BE2F-4A99-B71F-8CCA95D85FB2},0.00159687575664546
109,648,Piktogramový koridor pro cyklisty - V20,2021,209.53999,2022/12/16 00:00:00+00,{A5BC9F99-4FED-43FB-8B79-5C50C641E567},0.00201283526696902
110,697,Vyhrazený jízdní pruh pro cyklisty - V14,2021,347.60001,2022/12/16 00:00:00+00,{D3FA2BB3-EAD4-47C5-8AFF-6582A79BCBDA},0.00428568518175954
111,292,Úsek byl zrušen,2015,184.98,2022/12/16 00:00:00+00,{9E92DC61-A320-450E-969F-04FD7C497B43},0.00184696234550646
112,380,Vjezd cyklistům zakázán,2015,43.540001,2022/12/16 00:00:00+00,{6B5A757D-2994-4626-A1FB-5ABD58E41068},0.00056123746019789
113,293,Jízda cyklistů v protisměru (piktogram),2015,159.49001,2022/12/16 00:00:00+00,{393016C4-5217-43E6-9CF2-409E86C36D8E},0.00180779810343722
114,314,Přejezd pro cyklisty,0,10.46,2022/12/16 00:00:00+00,{2A628670-9976-441C-B959-1FEEA5166E07},0.00011382063115068
115,597,Piktogramový koridor pro cyklisty - V20,2019,413.54001,2022/12/16 00:00:00+00,{80A79BC9-D39D-4202-A4A8-2B49359070AE},0.00504097071382685
116,68,Jízda cyklistů v protisměru (piktogram),2016,301.5,2022/12/16 00:00:00+00,{5D081691-D864-4AF0-B8CE-D4CEF4248BB1},0.00403303250325255
117,649,Piktogramový koridor pro cyklisty - V20,2021,405.23001,2022/12/16 00:00:00+00,{E2B6099C-2C1A-4B73-83BD-C1301454865A},0.00395138079129213
118,608,Vjezd cyklistům povolen,2019,114.41,2022/12/16 00:00:00+00,{28C67FE1-056A-4A26-898E-AC21BEB08990},0.00108367070730602
119,698,Piktogramový koridor pro cyklisty - V20,2021,394.10001,2022/12/16 00:00:00+00,{4C5A04F0-E409-494C-8E6E-19ED3B713EB1},0.00537670896672706
120,97,Jízda cyklistů v protisměru (piktogram),2013,143.03,2022/12/16 00:00:00+00,{F9BF30C0-CD9A-4105-BD70-63CC55070D3C},0.00145452818768632
121,699,Piktogramový koridor pro cyklisty - V20,2021,492.76001,2022/12/16 00:00:00+00,{9C6403DD-B9AB-4AE3-946D-9CF4A1AA3FFF},0.00472566528224609
122,74,Jízda cyklistů v protisměru (piktogram),2013,50.869999,2022/12/16 00:00:00+00,{6119E4FD-2068-4B71-AB17-698A20E78530},0.000696400284227319
123,700,Piktogramový koridor pro cyklisty - V20,2021,62.459999,2022/12/16 00:00:00+00,{2EEB6198-7BFA-4EAA-9973-F9796CDB2E59},0.000668238954153125
124,447,Jízda cyklistů v protisměru (piktogram),2018,162.42999,2022/12/16 00:00:00+00,{B4F5EEDA-F725-4DF8-AD7B-AC4F79AEA74B},0.001972284529044
125,101,Jízda cyklistů v protisměru (piktogram),2013,240.35001,2022/12/16 00:00:00+00,{9697C51F-B9BF-41C9-804E-8137F59C19EB},0.00312585468686693
126,42,Jízda cyklistů v protisměru (piktogram),2014,73.029999,2022/12/16 00:00:00+00,{0D4736F9-87A3-45CB-92B3-7C3D4B8954DC},0.000765270696036467
127,313,Přejezd pro cyklisty,0,13.03,2022/12/16 00:00:00+00,{A71054B1-7AE6-407E-BA67-4CB5C706580F},0.000117221994216856
128,43,Jízda cyklistů v protisměru (piktogram),2014,72.32,2022/12/16 00:00:00+00,{6BBFE010-0D01-4388-8FBD-045E950558FE},0.000755381962482041
129,41,Jízda cyklistů v protisměru (piktogram),2014,72.599998,2022/12/16 00:00:00+00,{9D41E21C-CE12-49F8-B521-03E5902E3861},0.000755399307246135
130,47,Jízda cyklistů v protisměru (piktogram),2014,72.660004,2022/12/16 00:00:00+00,{78A7FB3B-5192-41AF-9C02-90432A43C3CB},0.00075833825066299
131,516,Zákaz vjezdu všech motorových vozidel - B11,2000,59.029999,2022/12/16 00:00:00+00,{333C1FA1-BB84-46B5-837E-0215F9A12CD8},0.000696633942618853
132,46,Jízda cyklistů v protisměru (piktogram),2014,72.190002,2022/12/16 00:00:00+00,{C892DE62-D4C6-49F2-B030-DFA90417CF2B},0.000754196463400875
133,45,Jízda cyklistů v protisměru (piktogram),2014,72.989998,2022/12/16 00:00:00+00,{3E62A7C9-0C87-4310-840E-167A6F91ED8E},0.000762991994822112
134,490,Zákaz vjezdu všech motorových vozidel - B11,0,664.84003,2022/12/16 00:00:00+00,{6F60E31C-A998-406F-AA2B-691FD90DF869},0.00711896707605654
135,463,Zákaz vjezdu všech motorových vozidel - B11,2003,151.00999,2022/12/16 00:00:00+00,{CD00013D-D9DF-4249-9508-0D919204BD4B},0.00207284766501214
136,586,Vjezd cyklistům povolen,2019,63.759998,2022/12/16 00:00:00+00,{6D28A2A8-59DF-4826-BDD6-475C4F4F3D27},0.000822330351496702
137,584,Vyhrazený jízdní pruh pro cyklisty - V14,2013,85.32,2022/12/16 00:00:00+00,{24ADCCEE-46BB-4EC5-9F05-4A89F8AA59A8},0.00093625441001992
138,587,Přejezd pro cyklisty,0,10.93,2022/12/16 00:00:00+00,{C11B203A-113C-40C9-AA9F-2B1CC4FEF6EA},0.0001063834705761
139,464,Zákaz vjezdu všech motorových vozidel - B11,1999,70.800003,2022/12/16 00:00:00+00,{0F413057-6D29-4362-87C8-F25583518A4D},0.000819662109455327
140,465,Zákaz vjezdu všech motorových vozidel - B11,2002,65.68,2022/12/16 00:00:00+00,{C95F6F92-290A-49C0-A20A-D6CDE97C6441},0.000803184762818405
141,470,Zákaz vjezdu všech motorových vozidel - B11,1999,150.75999,2022/12/16 00:00:00+00,{CD53F19C-EFBE-4EBE-A989-4082B6F186E6},0.00206012800787716
142,471,Zákaz vjezdu všech motorových vozidel - B11,1999,401.82999,2022/12/16 00:00:00+00,{EE033360-E81A-4A55-98D6-B24DA6D2C340},0.0043582910125429
143,517,Zákaz vjezdu všech motorových vozidel - B11,2011,55.169998,2022/12/16 00:00:00+00,{CFAB055A-CF41-4608-88D8-1C59B3B8D5B2},0.000496790084049254
144,585,Vyhrazený jízdní pruh pro cyklisty - V14,2013,82.720001,2022/12/16 00:00:00+00,{0C31EBBB-B780-4CA9-BF5D-9903AA8391AF},0.000907847425972495
145,588,Přejezd pro cyklisty,0,5.5799999,2022/12/16 00:00:00+00,{BC317CA5-92D0-4E55-B615-2C9BCAF628C4},5.64324818093176e-05
146,480,Zákaz vjezdu všech motorových vozidel - B11,2002,289.87,2022/12/16 00:00:00+00,{3C90B5E2-7A67-4E6A-9C02-C704ECEE636B},0.00301691160505678
147,481,Zákaz vjezdu všech motorových vozidel - B11,2002,269.13,2022/12/16 00:00:00+00,{CE13445D-DF89-4B9A-AA86-5E2E9A24A3E8},0.00319543700178188
148,483,Zákaz vjezdu všech motorových vozidel - B11,1999,9.3100004,2022/12/16 00:00:00+00,{D08D701B-E542-4853-9A8E-23D9E2C198EC},0.000121792850032383
149,515,Zákaz vjezdu všech motorových vozidel - B11,0,458.98001,2022/12/16 00:00:00+00,{374AE4AE-0CF4-4D94-A5A2-2C5D0FE9808A},0.00518770634816888
150,509,Zákaz vjezdu všech motorových vozidel - B11,2004,285.94,2022/12/16 00:00:00+00,{85B976B3-490E-4A12-B218-63ED6F560F4B},0.00310274905566642
151,510,Zákaz vjezdu všech motorových vozidel - B11,2004,129.53,2022/12/16 00:00:00+00,{559CD46E-93DB-4D66-8F11-4AE59751C9D7},0.00124803195338395
152,466,Zákaz vjezdu všech motorových vozidel - B11,2000,363.32999,2022/12/16 00:00:00+00,{2150AE2D-AA3C-4DBE-8DCC-142D7DC370CC},0.00455450894964916
153,413,Vjezd cyklistům povolen,0,42.73,2022/12/16 00:00:00+00,{6FCFA987-D4B4-4AE1-A87A-09E2F0F93583},0.000514713236820459
154,468,Zákaz vjezdu všech motorových vozidel - B11,2002,516.03998,2022/12/16 00:00:00+00,{D808FCEF-A330-472E-AB68-6F966EA0ACC2},0.00638835060383366
155,469,Zákaz vjezdu všech motorových vozidel - B11,1999,366.45001,2022/12/16 00:00:00+00,{A1B507A8-122F-49B7-A27D-9868A2969829},0.00452428163163256
156,405,Vjezd cyklistům povolen,0,379.10001,2022/12/16 00:00:00+00,{26DAC77F-BA78-426C-8A9D-5E6731338DB7},0.00492763418898914
157,44,Jízda cyklistů v protisměru (piktogram),2014,40.419998,2022/12/16 00:00:00+00,{DAA05E55-519A-4BD5-9149-96C2E9A0E921},0.000486272573646007
158,519,Zákaz vjezdu všech motorových vozidel - B11,2014,1445.55,2022/12/16 00:00:00+00,{CC71E91B-E0D9-42A5-9A72-4F720EF8C5DA},0.0166108969796548
159,520,Zákaz vjezdu všech motorových vozidel - B11,2009,142.38,2022/12/16 00:00:00+00,{9AA04CA2-803E-4BEF-BBB5-61CF17F643D8},0.00160357146984089
160,503,Zákaz vjezdu všech motorových vozidel - B11,2007,145.53999,2022/12/16 00:00:00+00,{60C30B34-7C6A-4322-94ED-3C7AF1FF220A},0.0016574642778418
161,484,Zákaz vjezdu všech motorových vozidel - B11,2000,919.03998,2022/12/16 00:00:00+00,{AFFC8C36-4A8D-47E8-9E52-DF99C32EEAE1},0.0104969807062846
162,583,Zákaz vjezdu všech motorových vozidel - B11,,2340.5601,2022/12/16 00:00:00+00,{879BE6B1-E3FE-48E3-B2B5-7CD5459ABB68},0.0225538053446701
163,472,Zákaz vjezdu všech motorových vozidel - B11,1999,150.60001,2022/12/16 00:00:00+00,{A1022488-FA57-464A-AB8E-1143FED2FEA2},0.00173306646679196
164,473,Zákaz vjezdu všech motorových vozidel - B11,2002,106.49,2022/12/16 00:00:00+00,{A3542694-6593-43EF-B9E3-887F9FDA9573},0.0012095990488184
165,474,Zákaz vjezdu všech motorových vozidel - B11,2002,97.349998,2022/12/16 00:00:00+00,{0E653E81-7090-4F10-8B6B-96B7B34D527B},0.00111826812747135
166,475,Zákaz vjezdu všech motorových vozidel - B11,2000,17.76,2022/12/16 00:00:00+00,{2A90E385-6802-4664-974A-E216070B12E3},0.000224739808863617
167,476,Zákaz vjezdu všech motorových vozidel - B11,1999,127,2022/12/16 00:00:00+00,{C6729527-1758-4A4E-B380-BD06ED7AC912},0.00170873910313091
168,406,Vjezd cyklistům povolen,0,145.89999,2022/12/16 00:00:00+00,{4489B68D-EBEB-4810-9AEA-04BB331E30EF},0.00197308158061232
169,477,Zákaz vjezdu všech motorových vozidel - B11,2013,212.06,2022/12/16 00:00:00+00,{911A111C-9528-4DEB-8C02-65EA73EC9E23},0.00256901471454166
170,478,Zákaz vjezdu všech motorových vozidel - B11,1999,161.25999,2022/12/16 00:00:00+00,{F0CC9954-1137-454E-AB1F-A4C17C2B5679},0.00211259529458824
171,479,Zákaz vjezdu všech motorových vozidel - B11,1999,47.349998,2022/12/16 00:00:00+00,{646720C6-040F-4453-8B1A-9714F6A55EB4},0.000648449914908565
172,482,Zákaz vjezdu všech motorových vozidel - B11,1999,67.309998,2022/12/16 00:00:00+00,{35498DAF-1731-4EB7-83AB-4471C0C1D352},0.000914760795467003
173,485,Zákaz vjezdu všech motorových vozidel - B11,2016,17.129999,2022/12/16 00:00:00+00,{7ABA1ABF-8AA2-4710-BA73-F37BB7F6BC2B},0.000207952809882142
174,487,Zákaz vjezdu všech motorových vozidel - B11,1999,112.6,2022/12/16 00:00:00+00,{103E0F22-D6B1-4C28-AA5E-6A5E7194FA87},0.00142014410669816
175,488,Zákaz vjezdu všech motorových vozidel - B11,2000,180.41,2022/12/16 00:00:00+00,{69BA1F80-66C6-4538-9935-6472BB3F7FD5},0.00244441175486976
176,489,Zákaz vjezdu všech motorových vozidel - B11,0,32.48,2022/12/16 00:00:00+00,{D3CA6C75-75C3-4654-B8EF-89B7CE5199C7},0.000310416158810246
177,492,Zákaz vjezdu všech motorových vozidel - B11,2005,473.12,2022/12/16 00:00:00+00,{DFFD482F-4389-4212-BF6E-0327D942DB3E},0.00524681024426975
178,493,Zákaz vjezdu všech motorových vozidel - B11,1999,64.449997,2022/12/16 00:00:00+00,{E3912404-4424-41F3-9A91-53DF6E584C24},0.00087658818363188
179,494,Zákaz vjezdu všech motorových vozidel - B11,1999,137.16,2022/12/16 00:00:00+00,{4B8F2E4A-23C8-43D1-B495-B2A3D85AB2D3},0.00145465661889386
180,495,Zákaz vjezdu všech motorových vozidel - B11,1999,127.52,2022/12/16 00:00:00+00,{035C9691-B52E-4FD4-B816-FA433384FF7A},0.00125218738955751
181,496,Zákaz vjezdu všech motorových vozidel - B11,2001,586.65002,2022/12/16 00:00:00+00,{04334E8F-747D-4CCB-BF97-C71C88CCF79D},0.00702822083102348
182,522,Zákaz vjezdu všech motorových vozidel - B11,2018,117.21,2022/12/16 00:00:00+00,{6F373A9D-9230-407B-812E-FE5DE46EDC68},0.00156988985354726
183,523,Zákaz vjezdu všech motorových vozidel - B11,2014,109.59,2022/12/16 00:00:00+00,{57E9CF88-369A-4D63-9FC8-886BDDF62DCE},0.00142330449935381
184,524,Zákaz vjezdu všech motorových vozidel - B11,2014,251.64,2022/12/16 00:00:00+00,{8F899033-D5AA-4ACF-8A6E-4042D39FBCC0},0.00309695073845781
185,525,Zákaz vjezdu všech motorových vozidel - B11,2014,402.26001,2022/12/16 00:00:00+00,{47D8ED9C-7FAE-4770-B489-3D4713490331},0.00537700016149094
186,504,Zákaz vjezdu všech motorových vozidel - B11,2007,25.309999,2022/12/16 00:00:00+00,{65923CCB-C9FF-4967-8DD0-70F0D881BF00},0.000344142447125823
187,505,Zákaz vjezdu všech motorových vozidel - B11,2007,468.32001,2022/12/16 00:00:00+00,{BFD71236-5123-40C2-9C2E-50221952F835},0.00462691218177993
188,506,Zákaz vjezdu všech motorových vozidel - B11,2004,487.35999,2022/12/16 00:00:00+00,{57103D94-A45D-4AE7-AC68-31B601CDEEEA},0.00515420615946971
189,507,Zákaz vjezdu všech motorových vozidel - B11,2004,586.78003,2022/12/16 00:00:00+00,{5ADF29AC-7CB8-4D1B-B5A4-5EAF825C8D09},0.005446179978202
190,508,Zákaz vjezdu všech motorových vozidel - B11,2004,174.52,2022/12/16 00:00:00+00,{BF69F6F9-C12C-4AE5-AC96-5E18725B889D},0.00239473326677966
191,512,Zákaz vjezdu všech motorových vozidel - B11,2010,299.42999,2022/12/16 00:00:00+00,{67A9DE33-28E0-41BF-9F5A-D08F3D93A19C},0.0035327534832804
192,513,Zákaz vjezdu všech motorových vozidel - B11,2010,183.48,2022/12/16 00:00:00+00,{5E8B9A96-A088-4F5B-8430-59F633441F7A},0.00199083160708264
193,514,Zákaz vjezdu všech motorových vozidel - B11,2009,833.87,2022/12/16 00:00:00+00,{3007C4A6-F9A3-452A-A864-18439DC4DFBE},0.00991913902172097
194,518,Zákaz vjezdu všech motorových vozidel - B11,2011,334.51001,2022/12/16 00:00:00+00,{37E276B4-93D4-46AB-ACE8-ACE62B5196D4},0.00422546967790365
195,521,Zákaz vjezdu všech motorových vozidel - B11,2014,303.64001,2022/12/16 00:00:00+00,{C7313ABC-0CC4-4B98-9D9C-5D5020285C7B},0.00298916750875281
196,540,Zákaz vjezdu všech motorových vozidel - B11,2015,770.20001,2022/12/16 00:00:00+00,{4C8669F7-8AE9-48E5-9B78-C58BC6DF754C},0.0076287978865575
197,555,Zákaz vjezdu všech motorových vozidel - B11,2019,85.459999,2022/12/16 00:00:00+00,{66AC8513-02E0-4064-83D4-260418FAF43B},0.0011326040604463
198,556,Zákaz vjezdu všech motorových vozidel - B11,2019,113.07,2022/12/16 00:00:00+00,{1A3366EC-F054-457A-A9F7-D735A561596B},0.00120366061735814
199,557,Zákaz vjezdu všech motorových vozidel - B11,2016,354.66,2022/12/16 00:00:00+00,{C54A3CA2-323F-44B5-9D2E-FFD0F63E3AE2},0.00361592724783874
200,558,Zákaz vjezdu všech motorových vozidel - B11,2013,120.69,2022/12/16 00:00:00+00,{8B2173BC-FA31-4D3C-A9CC-28A4243706B4},0.00111884274932942
201,559,Zákaz vjezdu všech motorových vozidel - B11,1998,426.92001,2022/12/16 00:00:00+00,{8A66AF24-13BB-4661-879A-99E37893274C},0.00538405543662362
202,560,Zákaz vjezdu všech motorových vozidel - B11,1998,426.07999,2022/12/16 00:00:00+00,{B1D3C242-48E5-4F51-BEE2-0F18EAFF62AB},0.00421883696252004
203,561,Zákaz vjezdu všech motorových vozidel - B11,2014,1065.9399,2022/12/16 00:00:00+00,{112CCC9B-53D9-4276-A5F5-B30DB3F5F4B1},0.0118661713023993
204,562,Zákaz vjezdu všech motorových vozidel - B11,0,983.65997,2022/12/16 00:00:00+00,{35DF1664-49FF-464B-BBCF-9E5C0B20AB7A},0.0119747521972555
205,397,Vjezd cyklistům povolen,0,106.63,2022/12/16 00:00:00+00,{0D64E54F-06E1-4344-A753-6A25462082B7},0.000991486325065154
206,398,Vjezd cyklistům povolen,0,87.900002,2022/12/16 00:00:00+00,{3FC76C13-2F00-494D-8546-756878A1F1AA},0.00080231036232449
207,563,Zákaz vjezdu všech motorových vozidel - B11,2012,2300.54,2022/12/16 00:00:00+00,{0F1442A4-1344-407E-979B-5D2B1AFD4FE0},0.02831276302649
208,564,Zákaz vjezdu všech motorových vozidel - B11,1998,100.16,2022/12/16 00:00:00+00,{BEE5A6D8-FEC4-4DE9-A95E-C6AA1E190E7C},0.00123681654129652
209,526,Zákaz vjezdu všech motorových vozidel - B11,2014,458.06,2022/12/16 00:00:00+00,{FA9F2CE8-4FCD-4DED-A77E-A4537B96D482},0.00604906937916462
210,403,Vjezd cyklistům povolen,0,158.14999,2022/12/16 00:00:00+00,{F4C2E56A-BE64-4D49-8AF6-F95D867864B0},0.00155174636093432
211,565,Zákaz vjezdu všech motorových vozidel - B11,2012,2221.0701,2022/12/16 00:00:00+00,{1AB83DFD-09B6-4BC8-87FB-9007A49EFDD0},0.0256112298380491
212,566,Zákaz vjezdu všech motorových vozidel - B11,2012,1352.3199,2022/12/16 00:00:00+00,{1CCE5CAA-6280-4AEE-8619-F4B58E619B73},0.0157299471353455
213,567,Zákaz vjezdu všech motorových vozidel - B11,0,26.200001,2022/12/16 00:00:00+00,{0AB2925A-8554-433A-96E8-F7C05814E2E6},0.0003495680156187
214,568,Zákaz vjezdu všech motorových vozidel - B11,2012,129.95,2022/12/16 00:00:00+00,{859E80E6-1E4E-477E-AB57-C73E926B3DD7},0.00178314509920081
215,569,Zákaz vjezdu všech motorových vozidel - B11,2019,310.67999,2022/12/16 00:00:00+00,{B4FB8266-8B5A-4F57-8953-6CD9D5A4BAB0},0.00313494616710818
216,427,Vjezd cyklistům zakázán,0,87.830002,2022/12/16 00:00:00+00,{8A4F9575-4592-4CE1-BA00-9EF937BACF2B},0.000928741208468338
217,386,Vjezd cyklistům povolen,0,199.17,2022/12/16 00:00:00+00,{F9D61F32-4B3E-4835-B552-93CD53BED03F},0.00251023787817725
218,387,Vjezd cyklistům povolen,0,85.169998,2022/12/16 00:00:00+00,{9B1DD682-098B-4FA2-B31D-FF28F38618CD},0.000997826501225687
219,388,Vjezd cyklistům povolen,0,161.62,2022/12/16 00:00:00+00,{B57C96E6-E910-4143-9F49-B04B6F143FAA},0.00204882690292179
220,389,Vjezd cyklistům povolen,0,212.59,2022/12/16 00:00:00+00,{DA47E7DC-EC66-40E1-B144-974977B6ADDF},0.00214656956432302
221,390,Vjezd cyklistům povolen,0,165.78,2022/12/16 00:00:00+00,{EF7171E0-9E77-4128-922F-AFA277C1DBF6},0.0017680581003665
222,391,Vjezd cyklistům povolen,0,182.77,2022/12/16 00:00:00+00,{00EBDCEB-5C50-4445-BB4B-DF0B8BB8D749},0.00238250833030628
223,392,Vjezd cyklistům povolen,0,50.080002,2022/12/16 00:00:00+00,{E9087FDF-EF78-4CDD-A90C-DDE867706D96},0.000662061348217464
224,393,Vjezd cyklistům povolen,0,51.209999,2022/12/16 00:00:00+00,{67DFA0C9-43CA-464A-A2EC-71A6DD6A6BD8},0.000654628513274277
225,394,Vjezd cyklistům povolen,0,65.830002,2022/12/16 00:00:00+00,{70EAFE9F-3D30-4C59-B4A7-72ED9860FF27},0.000891415927221612
226,395,Vjezd cyklistům povolen,0,65.900002,2022/12/16 00:00:00+00,{6948C23E-7A41-429D-A5C6-CD4AC9B98C25},0.000892390861823915
227,399,Vjezd cyklistům povolen,0,756.42999,2022/12/16 00:00:00+00,{EAB96B62-AD35-4A23-B952-C92222CC114E},0.00763708804671392
228,401,Vjezd cyklistům povolen,0,332.78,2022/12/16 00:00:00+00,{5FB4B7E4-D1AC-4769-B5EC-F4A85FDFD20E},0.00366715105975287
229,402,Vjezd cyklistům povolen,0,201.91,2022/12/16 00:00:00+00,{62DC742F-0106-4BA3-BECC-59F4D977C624},0.00218889289623662
230,467,Zákaz vjezdu všech motorových vozidel - B11,1999,190.7,2022/12/16 00:00:00+00,{56958215-FEC8-441B-B24B-0153095D874A},0.0018098104363407
231,404,Vjezd cyklistům povolen,0,316.82999,2022/12/16 00:00:00+00,{DAE36ABA-EF60-424C-B6EE-93E0080BA0E9},0.00307657807895378
232,407,Vjezd cyklistům povolen,0,646.78998,2022/12/16 00:00:00+00,{5E9B8D3B-6BD6-4E2D-855A-5ADA53B3088F},0.00740921712131673
233,408,Vjezd cyklistům povolen,0,900.65002,2022/12/16 00:00:00+00,{1410FB8A-D9FA-412C-9252-1ECA96ACE9C7},0.0109830790091198
234,410,Vjezd cyklistům povolen,0,700.96997,2022/12/16 00:00:00+00,{67E2A28A-6393-469C-9EE1-305AFEC107E3},0.00931021219951154
235,412,Vjezd cyklistům povolen,0,287.20999,2022/12/16 00:00:00+00,{D0991321-8D00-4EC0-83A5-B0983B921C65},0.00262153638641619
236,415,Vjezd cyklistům zakázán,0,35.279999,2022/12/16 00:00:00+00,{3C5F2971-3E25-4CD4-8869-84C8773A540F},0.000478662826763634
237,416,Vjezd cyklistům povolen,0,268.44,2022/12/16 00:00:00+00,{E862419D-57BD-4F64-8B60-8BC7A9B1AE1E},0.00343793964407955
238,417,Vjezd cyklistům povolen,0,89.709999,2022/12/16 00:00:00+00,{99B80B99-A6BD-42FC-BCFE-F5AAE3750617},0.00080688338592923
239,39,Jízda cyklistů v protisměru - E12,2014,73.050003,2022/12/16 00:00:00+00,{62DD4292-A911-46E1-BF6E-E0D792E71CD7},0.000759105362080658
240,414,Zákaz vjezdu všech motorových vozidel - B11,2012,371.60999,2022/12/16 00:00:00+00,{4C801D88-BEB6-476C-998C-44B80407933E},0.0048798074518441
241,411,Vjezd cyklistům povolen,2007,498.16,2022/12/16 00:00:00+00,{B77423D7-15A0-4857-9185-407D71622BBA},0.00416205639802451
242,418,Vjezd cyklistům povolen,0,1202.2,2022/12/16 00:00:00+00,{D0D9F3E2-4F40-4C6C-878E-8161453AC6A6},0.0110512670623086
243,419,Vjezd cyklistům povolen,0,618.97998,2022/12/16 00:00:00+00,{F834393E-81C6-4FE8-A9A1-0511ECB0F191},0.00595309259347318
244,420,Vjezd cyklistům povolen,0,63.799999,2022/12/16 00:00:00+00,{2188CC82-166C-4AE3-80A1-BA811FE1EDFF},0.000843650133066515
245,421,Vjezd cyklistům povolen,0,439.76001,2022/12/16 00:00:00+00,{AA68E3AC-4A66-4D30-A5BE-91074307CD2E},0.00418300084849376
246,422,Vjezd cyklistům povolen,0,1117.61,2022/12/16 00:00:00+00,{52E5D946-981A-4B1A-8C4E-3BCBABC53AEC},0.0146780596559793
247,423,Vjezd cyklistům povolen,0,222.25999,2022/12/16 00:00:00+00,{C43C1A89-4A82-4FBC-BA48-8C844244D699},0.00303987252450508
248,424,Vjezd cyklistům povolen,0,518.53003,2022/12/16 00:00:00+00,{ACFC5C06-1418-4D33-981E-1FAA0609FEE3},0.00511179398438927
249,425,Vjezd cyklistům povolen,0,107.54,2022/12/16 00:00:00+00,{A0C682E4-BA9E-4668-907F-FA432B31740D},0.00146558935606828
250,426,Vjezd cyklistům povolen,0,161.57001,2022/12/16 00:00:00+00,{23867AB3-00C6-4BE0-9ECA-E7D34614046F},0.00152148768594419
251,497,Zákaz vjezdu všech motorových vozidel - B11,1999,391.01999,2022/12/16 00:00:00+00,{C935FE36-F573-447B-AE9A-ECE366C09876},0.00426251857194753
252,498,Zákaz vjezdu všech motorových vozidel - B11,1998,294.82001,2022/12/16 00:00:00+00,{C80F10CC-C405-4ED2-B5A4-A4D651752428},0.00349456040283106
253,499,Zákaz vjezdu všech motorových vozidel - B11,0,124,2022/12/16 00:00:00+00,{A61FF5E9-E215-41E8-84BD-00A9F0D553B0},0.0016390379588103
254,500,Zákaz vjezdu všech motorových vozidel - B11,2006,181.42,2022/12/16 00:00:00+00,{5AFA8948-0093-4E66-B967-E2752C81F00E},0.00163784258097468
255,501,Zákaz vjezdu všech motorových vozidel - B11,1998,151.03999,2022/12/16 00:00:00+00,{5449B65C-D520-4F78-ADE6-19D57BCF55A4},0.00191889832314129
256,502,Zákaz vjezdu všech motorových vozidel - B11,2013,194.08,2022/12/16 00:00:00+00,{F30777FC-6EC3-417F-8A05-617F835C0F2C},0.00252829553338398
257,536,Zákaz vjezdu všech motorových vozidel - B11,2018,154.77,2022/12/16 00:00:00+00,{E69AF9E8-13F3-4AD6-A8C5-1405F5511F45},0.00157718263631302
258,537,Zákaz vjezdu všech motorových vozidel - B11,1998,343.07999,2022/12/16 00:00:00+00,{B24D0387-FE9A-4151-9A52-711B0FE12750},0.00412895573632234
259,548,Zákaz vjezdu všech motorových vozidel - B11,2002,259.13,2022/12/16 00:00:00+00,{4D6D2D7A-725E-4D9F-9697-E17A5174BCEF},0.00252854814503483
260,549,Zákaz vjezdu všech motorových vozidel - B11,2002,253.82001,2022/12/16 00:00:00+00,{53D75162-97FC-4FA8-A6F5-EE611C8966BF},0.00242922964524415
261,550,Zákaz vjezdu všech motorových vozidel - B11,2002,159.48,2022/12/16 00:00:00+00,{9570CC88-A167-4361-A7BC-8FC0133F8208},0.00182620571485183
262,551,Zákaz vjezdu všech motorových vozidel - B11,2006,82.82,2022/12/16 00:00:00+00,{1D2974CF-EA9A-4E6E-B72C-F3F3F25CCDC4},0.00100570938530484
263,40,Jízda cyklistů v protisměru (piktogram),2014,73.860001,2022/12/16 00:00:00+00,{76479260-F51D-446A-B26C-A87436FDBB5B},0.000775635064185807
264,554,Zákaz vjezdu všech motorových vozidel - B11,1995,91.349998,2022/12/16 00:00:00+00,{55B12174-E798-4FD5-9AC8-74ACF8899C3D},0.000888061927223905
265,3,Stezka pro chodce a cyklisty (nedělená) - C9,2012,1380.54,2022/12/16 00:00:00+00,{AC693600-FF09-4236-A9D0-ECF3442105EF},0.0177743887481288
266,6,Stezka pro chodce a cyklisty (nedělená) - C9,1999,223.8,2022/12/16 00:00:00+00,{23F4DA07-87A3-481B-9E6C-B6EADD42FE1B},0.00250723963394738
267,104,Jízda cyklistů v protisměru - E12,2015,99.199997,2022/12/16 00:00:00+00,{6DDC0CE6-0DFB-46C0-81BC-C153928A7E44},0.00125841094054836
268,14,"Vyhrazený pruh pro taxi, cyklo, bus",2010,515.03003,2022/12/16 00:00:00+00,{C7F52E06-1B44-495F-A7E9-7713C2624EAA},0.00559669591158947
269,13,Jízda cyklistů v protisměru - E12,2002,89.839996,2022/12/16 00:00:00+00,{190A5347-F0F8-4B71-92C8-BEFC047619DB},0.00117696334718904
270,103,Jízda cyklistů v protisměru - E12,2015,98.260002,2022/12/16 00:00:00+00,{81A704AD-E8C9-4A7F-BAA3-7ABCAB7F5CE8},0.00123759642692169
271,34,Jízda cyklistů v protisměru - E12,2008,234.24001,2022/12/16 00:00:00+00,{0255A7C8-D521-4A1F-951F-68835C9AB47F},0.00277624634996396
272,35,Jízda cyklistů v protisměru - E12,2013,151.13,2022/12/16 00:00:00+00,{C11FFD51-8AB8-4E66-97B6-262A2AE8B074},0.00191058279306915
273,36,Jízda cyklistů v protisměru - E12,2014,73.669998,2022/12/16 00:00:00+00,{981531BD-56EF-4D68-91F6-E76A7BB88BA4},0.000770462818654568
274,37,Jízda cyklistů v protisměru - E12,2014,72.43,2022/12/16 00:00:00+00,{A016486C-76F8-4336-8AC2-C1B3D0F3FB74},0.000759522509888494
275,38,Jízda cyklistů v protisměru - E12,2014,73.150002,2022/12/16 00:00:00+00,{78EE635B-C392-46D7-8BB4-CC6A307FDA53},0.000767643710055353
276,48,Jízda cyklistů v protisměru - E12,2014,105.73,2022/12/16 00:00:00+00,{1CC4AB72-170B-4B5D-AB55-DB760D92254D},0.00133909712314229
277,49,Jízda cyklistů v protisměru - E12,2014,105.85,2022/12/16 00:00:00+00,{252530E9-1F4B-45F5-9AFC-9615AA41CC3E},0.00133833290846756
278,50,Jízda cyklistů v protisměru - E12,2014,107.29,2022/12/16 00:00:00+00,{15330BAD-A078-497D-ABBC-6DBF9E21926F},0.00135853268395062
279,51,Jízda cyklistů v protisměru - E12,2014,67.220001,2022/12/16 00:00:00+00,{DB458209-231B-4CB0-8814-A16A74174706},0.000850721920501252
280,70,Jízda cyklistů v protisměru - E12,2016,110.28,2022/12/16 00:00:00+00,{A0E810F7-B817-409F-AECA-E157E68F249A},0.00105351586372684
281,457,Jízda cyklistů v protisměru - E12,2018,112.14,2022/12/16 00:00:00+00,{F7D63FD9-4D7D-465E-92D3-2AA8D80C289A},0.00152089546675584
282,77,Jízda cyklistů v protisměru - E12,2014,86.919998,2022/12/16 00:00:00+00,{04E958C0-E3BA-49F1-B9F5-30DA875AD496},0.000497141988631106
283,145,Jízda cyklistů v protisměru - E12,2015,76.169998,2022/12/16 00:00:00+00,{36202975-43EC-4DAD-851D-408B163EFE82},0.000968456328159454
284,216,Jízda cyklistů v protisměru (piktogram),2014,82.25,2022/12/16 00:00:00+00,{A3175DC3-1262-4831-BED0-C95A6CDD20C7},0.000798627066951053
285,217,Jízda cyklistů v protisměru - E12,2014,35.099998,2022/12/16 00:00:00+00,{D320ADBE-D1FC-44B1-8356-54024980417D},0.000444955704265861
286,146,Jízda cyklistů v protisměru - E12,2015,118.44,2022/12/16 00:00:00+00,{51840466-3BF4-409E-85F7-908EC34ABDB1},0.00115609846569519
287,570,Zákaz vjezdu všech motorových vozidel - B11,2003,258.39999,2022/12/16 00:00:00+00,{2DABCED7-7FA4-4343-BC99-F68AE73281BB},0.00347885143641462
288,179,Stezka pro chodce s povoleným vjezdem cyklistů,2020,136.21001,2022/12/16 00:00:00+00,{E28599F4-03E3-4366-B30E-3A9E4F57BCA4},0.00132961147851911
289,225,Jízda cyklistů v protisměru - E12,2010,88.559998,2022/12/16 00:00:00+00,{E663C50C-4371-4B97-AD99-0461A03FD458},0.000178154874557437
290,448,Jízda cyklistů v protisměru - E12,2018,130.58,2022/12/16 00:00:00+00,{26DB34DF-C5ED-4E68-BE6B-058A25A517F5},0.00120762962488731
291,459,Jízda cyklistů v protisměru - E12,2018,156.44,2022/12/16 00:00:00+00,{BECC9FDA-0D8D-4F90-BAFF-9DD85EF3C3F4},0.00212078078908279
292,458,Jízda cyklistů v protisměru - E12,2018,76.419998,2022/12/16 00:00:00+00,{8EC1084F-00A3-4FA7-850D-D622446B3751},0.00101768912983605
293,449,Jízda cyklistů v protisměru - E12,2018,184.58,2022/12/16 00:00:00+00,{8CAA8E86-8AAC-455B-AE8E-A902C2157296},0.00170896586239962
294,450,Jízda cyklistů v protisměru - E12,2018,231.21001,2022/12/16 00:00:00+00,{858FD98C-704E-4D7F-B017-57ADC907500F},0.00219746155503542
295,460,Jízda cyklistů v protisměru - E12,2018,88.760002,2022/12/16 00:00:00+00,{0B4441ED-28B6-48A4-95DE-AC25292792ED},0.00121581904088123
296,241,Jízda cyklistů v protisměru - E12,2013,248.47,2022/12/16 00:00:00+00,{CEC15BEC-BA16-4EA0-8021-CDD266CBBF6B},0.00250873123578354
297,240,Jízda cyklistů v protisměru - E12,2013,275.19,2022/12/16 00:00:00+00,{BBDFA03F-3C41-4F4D-B592-DB84C456A3BD},0.00270930029273483
298,527,Zákaz vjezdu všech motorových vozidel - B11,2014,407.63,2022/12/16 00:00:00+00,{C7B73866-1826-4050-ABF3-6EE4A7CE9000},0.00546141868855381
299,528,Zákaz vjezdu všech motorových vozidel - B11,2014,62.619999,2022/12/16 00:00:00+00,{61CA96FF-20E1-4DB8-BD26-21F6A6F79197},0.000563148159978408
300,529,Zákaz vjezdu všech motorových vozidel - B11,2014,73.760002,2022/12/16 00:00:00+00,{173802C2-CFF6-4129-9047-569AD3249942},0.000909356279294733
301,530,Zákaz vjezdu všech motorových vozidel - B11,2016,54.849998,2022/12/16 00:00:00+00,{0BBC9418-C402-4EDD-A067-16411BF12030},0.000663956871966138
302,531,Zákaz vjezdu všech motorových vozidel - B11,0,646.54999,2022/12/16 00:00:00+00,{A605A063-9335-44FC-AE2A-A6DD02FCF941},0.00852951531580059
303,532,Zákaz vjezdu všech motorových vozidel - B11,2006,90.879997,2022/12/16 00:00:00+00,{5858EDB9-2C77-48D4-97BE-FFC778A3BC11},0.00124563355139212
304,533,Zákaz vjezdu všech motorových vozidel - B11,1998,370.67999,2022/12/16 00:00:00+00,{50DB631D-304C-48F1-9D43-A5E2DE62B596},0.00500695706399128
305,534,Zákaz vjezdu všech motorových vozidel - B11,1998,187.09,2022/12/16 00:00:00+00,{92CB24CB-10EB-4E8E-92D1-D83B8D5C5F84},0.00211324723400616
306,535,Zákaz vjezdu všech motorových vozidel - B11,2013,77.839996,2022/12/16 00:00:00+00,{9B2CB93E-A21D-4CDA-B64F-6D4AC3E82BE3},0.00087480439720469
307,538,Zákaz vjezdu všech motorových vozidel - B11,1998,56.040001,2022/12/16 00:00:00+00,{8E63D9ED-4EE1-4C9D-836F-FEA211DBFDA4},0.000539766834512368
308,539,Zákaz vjezdu všech motorových vozidel - B11,1998,56.360001,2022/12/16 00:00:00+00,{EFD21EA8-409E-4EE2-99FA-1A09380517A0},0.000534659365558856
309,428,Jízda cyklistů v protisměru (piktogram),2018,695.08002,2022/12/16 00:00:00+00,{F4277715-CE41-4FBB-8850-6659114588A4},0.00937276303043698
310,281,Jízda cyklistů v protisměru (piktogram),2013,48.369999,2022/12/16 00:00:00+00,{735F63FD-E95D-4F4D-A5C1-06404C121A09},0.000595112123257704
311,462,Jízda cyklistů v protisměru - E12,2018,71.790001,2022/12/16 00:00:00+00,{7EA1390C-5C90-463F-9A88-1C7EDCBAD6E1},0.000983550636053764
312,444,Piktogramový koridor pro cyklisty - V20,2018,325.76999,2022/12/16 00:00:00+00,{3D228F06-966D-4337-83B1-472D5CEFBD55},0.00379586818841982
313,443,Piktogramový koridor pro cyklisty - V20,2018,51.650002,2022/12/16 00:00:00+00,{BF2CD97A-0975-4475-A6EA-9B3C5C622326},0.000571944820021518
314,442,Piktogramový koridor pro cyklisty - V20,2018,89.970001,2022/12/16 00:00:00+00,{451F8E78-CAE5-450D-9FC9-3FF7A5F7323D},0.000809948420759512
315,454,Vyhrazený jízdní pruh pro cyklisty - V14,2018,392.45999,2022/12/16 00:00:00+00,{C0900587-BA5C-4216-BA1E-90512D6D2E7E},0.00789382530251851
316,440,Vyhrazený jízdní pruh pro cyklisty - V14,2018,1065.54,2022/12/16 00:00:00+00,{1B6546F3-0AC2-4F8E-AE4F-FA432BF6DBAD},0.0118671018495923
317,439,Piktogramový koridor pro cyklisty - V20,2018,53.150002,2022/12/16 00:00:00+00,{2EAA7B41-5004-48CD-B511-F1416EBF7614},0.000506816167275949
318,438,Vyhrazený jízdní pruh pro cyklisty - V14,2018,289.06,2022/12/16 00:00:00+00,{E2B30D86-E200-4901-AD14-EE0654CFD48E},0.00390061653164931
319,455,Vyhrazený jízdní pruh pro cyklisty - V14,2018,56.549999,2022/12/16 00:00:00+00,{E5576E95-9D1A-4FC5-B732-DCD99F4EDF7C},0.000669587340613877
320,437,Vyhrazený jízdní pruh pro cyklisty - V14,2018,318.78,2022/12/16 00:00:00+00,{D9ED5CFF-8E9A-4C4A-8F68-E7BE6FD14372},0.00374824258246138
321,334,"Vyhrazený pruh pro taxi, cyklo, bus",2014,127.46,2022/12/16 00:00:00+00,{A5E23847-EDB6-44C3-9833-85B60976C5D2},0.00123096599002227
322,333,Vyhrazený jízdní pruh pro cyklisty - V14,2007,99.629997,2022/12/16 00:00:00+00,{235655C2-7829-4514-A45E-F53AC82E00E8},0.0012780373171658
323,332,Vyhrazený jízdní pruh pro cyklisty - V14,2007,270.79001,2022/12/16 00:00:00+00,{F636F81E-06FD-43C5-9C12-2C34A82EDF40},0.00354904853451932
324,331,Vyhrazený jízdní pruh pro cyklisty - V14,2007,171.38,2022/12/16 00:00:00+00,{6DBF47B7-AA99-46C2-85B3-5D4ACFC97F93},0.00224005459299878
325,330,Vyhrazený jízdní pruh pro cyklisty - V14,2010,65.629997,2022/12/16 00:00:00+00,{F88BF069-63F2-48B4-9391-1025D8908F93},0.000746082762948902
326,329,Přejezd pro cyklisty,2018,3.72,2022/12/16 00:00:00+00,{F49CD9FD-D6E0-4210-9B8A-937FA488E3AF},3.90576482444856e-05
327,328,Přejezd pro cyklisty,0,6.1999998,2022/12/16 00:00:00+00,{3BD52FBC-96BF-46DA-B691-2A63E70A66CD},5.58774755155669e-05
328,327,Přejezd pro cyklisty,0,9.0299997,2022/12/16 00:00:00+00,{E787ECE5-71E4-43DB-AAA3-5B8E9D7ED139},0.000118304636904343
329,326,Přejezd pro cyklisty,0,6.8200002,2022/12/16 00:00:00+00,{C44DDC32-2C38-4C79-994F-E272F072437F},9.06955801212265e-05
330,325,Přejezd pro cyklisty,0,6.23,2022/12/16 00:00:00+00,{E908847B-ACCB-480A-8BCE-E7C3DF909A43},5.96133834762315e-05
331,324,Přejezd pro cyklisty,0,6.5300002,2022/12/16 00:00:00+00,{C400AE2F-8B24-410F-B75C-885FD287E414},8.58151338299631e-05
332,323,Přejezd pro cyklisty,0,35.09,2022/12/16 00:00:00+00,{235A47D6-B24D-4922-BC31-D2B37B666C21},0.000453515804160618
333,322,Přejezd pro cyklisty,2013,6.1199999,2022/12/16 00:00:00+00,{200513AC-F7A5-4CCB-98CB-0E5FE22C7F19},7.09483164683636e-05
334,321,Přejezd pro cyklisty,1994,11.09,2022/12/16 00:00:00+00,{A8AA929B-0D98-4521-B2DF-606A4B5681DC},0.000150837998644464
335,320,Přejezd pro cyklisty,0,11.78,2022/12/16 00:00:00+00,{8D94B00A-AFA9-4F3E-B513-6139B1B2BFCA},0.000127628520369857
336,319,Přejezd pro cyklisty,0,26.5,2022/12/16 00:00:00+00,{74E79BD6-9205-4E71-A21A-3B4EBFDA6233},0.000345997138695143
337,318,Přejezd pro cyklisty,0,10.75,2022/12/16 00:00:00+00,{E07412E1-B7CE-487E-8132-B74AD0197EA0},0.000105936384266268
338,317,Přejezd pro cyklisty,0,7.8499999,2022/12/16 00:00:00+00,{1D0E02A8-BD94-47CA-A78C-3B011E3F543B},0.000101533586856832
339,441,Vyhrazený jízdní pruh pro cyklisty - V14,2018,353.85001,2022/12/16 00:00:00+00,{FC48473D-2AB2-433B-A2E5-C102F10D1CB2},0.00345570692162256
340,180,Stezka pro chodce s povoleným vjezdem cyklistů,2020,156.85001,2022/12/16 00:00:00+00,{7636C507-E2D8-436B-A681-14B69842C3AD},0.00153190841444911
341,312,Přejezd pro cyklisty,0,14.16,2022/12/16 00:00:00+00,{2CDA5C5F-240B-43B9-ACCA-9F4B224A7DA9},0.000127502453064861
342,310,Přejezd pro cyklisty,0,17.43,2022/12/16 00:00:00+00,{D4F687B8-E6DA-4364-BBA3-1FC8C5CA8E7A},0.000157067100444515
343,309,Přejezd pro cyklisty,0,10.23,2022/12/16 00:00:00+00,{7DFE1ED0-9652-47B0-BFD2-33E1B9410E21},0.000128521726454374
344,308,Přejezd pro cyklisty,0,21.24,2022/12/16 00:00:00+00,{47D3D1CD-E1DF-42BF-A8D3-86B54FE5763E},0.000191619392086559
345,306,Stezka pro chodce a cyklisty (nedělená) - C9,1995,994.98999,2022/12/16 00:00:00+00,{36F34C9F-8768-4C6C-BDCD-F064129BE11E},0.00972840266259573
346,257,Stezka pro chodce a cyklisty (nedělená) - C9,2017,367.17999,2022/12/16 00:00:00+00,{70A8EC8A-EEE5-46D4-8E94-894719259CAF},0.00372685780390922
347,305,Vyhrazený jízdní pruh pro cyklisty - V14,2001,746.52002,2022/12/16 00:00:00+00,{73031D8C-7624-4C63-ACF2-F5B15352588B},0.00980689012267492
348,303,Vyhrazený jízdní pruh pro cyklisty - V14,2017,57.110001,2022/12/16 00:00:00+00,{058DB125-5FE1-4F06-8F4C-8173A0CDBD86},0.000764652283667084
349,302,"Vyhrazený pruh pro taxi, cyklo, bus",2014,69.93,2022/12/16 00:00:00+00,{130E710B-88D1-463E-8ECB-509EA2D141B0},0.000646929199451564
350,275,Piktogramový koridor pro cyklisty - V20,2017,298.35001,2022/12/16 00:00:00+00,{18F8FC1B-F6AF-4D00-8EC0-62D8314D899E},0.0040829458963587
351,274,Piktogramový koridor pro cyklisty - V20,2017,199.82001,2022/12/16 00:00:00+00,{B07C511F-812E-490C-A39E-DCEBC2B500E5},0.00273614094382164
352,273,Vyhrazený jízdní pruh pro cyklisty - V14,2017,192.52,2022/12/16 00:00:00+00,{E3EA4016-7485-423F-A940-C350DDD5EA67},0.0026362731233632
353,194,Stezka pro chodce a cyklisty (nedělená) - C9,1997,67.769997,2022/12/16 00:00:00+00,{2C060152-02EC-4BC6-9828-4A9C4718F223},0.000747103842801653
354,271,Piktogramový koridor pro cyklisty - V20,2017,40.369999,2022/12/16 00:00:00+00,{AAE4CAF1-55A0-42DC-9032-DC3CCACE3143},0.000540519554246559
355,270,Vyhrazený jízdní pruh pro cyklisty - V14,2017,211.48,2022/12/16 00:00:00+00,{6FA797BE-D350-4E96-B6D4-0983B0028B9D},0.00283118169626256
356,290,Jízda cyklistů v protisměru (jízdní pruh),2010,72.690002,2022/12/16 00:00:00+00,{33F8252F-FB11-481E-8A98-164C4C501757},0.000816652917941048
357,289,Jízda cyklistů v protisměru (piktogram),2013,76.169998,2022/12/16 00:00:00+00,{6C367D07-76AE-4DBE-986F-ED6E9AB7157B},0.000709494382236186
358,269,Vyhrazený jízdní pruh pro cyklisty - V14,2017,350.12,2022/12/16 00:00:00+00,{58CC9173-41A0-426B-B569-04CE5771B596},0.00469430264066963
359,264,Vyhrazený jízdní pruh pro cyklisty - V14,2017,377.62,2022/12/16 00:00:00+00,{4CD35C4E-B27C-49DB-B9A3-5C7198BF34D3},0.00504722169495775
360,263,Piktogramový koridor pro cyklisty - V20,2017,51.669998,2022/12/16 00:00:00+00,{0336BD57-BA9E-4FD7-96A3-9DF10F91C827},0.000689826393852479
361,262,Piktogramový koridor pro cyklisty - V20,2017,65.449997,2022/12/16 00:00:00+00,{5F67F619-0E54-4B63-A572-53029CD2CF28},0.000873397457556393
362,261,Piktogramový koridor pro cyklisty - V20,2017,31.1,2022/12/16 00:00:00+00,{66D27513-1440-4297-A18B-CC102B166B8B},0.000415315638368611
363,256,Stezka pro chodce a cyklisty (nedělená) - C9,2017,157.24001,2022/12/16 00:00:00+00,{02F5DCC7-7AC6-47DA-B9A9-177208BB21CB},0.00202464482557888
364,255,Stezka pro chodce a cyklisty (nedělená) - C9,2017,92.959999,2022/12/16 00:00:00+00,{FC8DBD42-FC45-47D4-ABA6-C79F82C95A0A},0.00126517867411157
365,221,Vyhrazený jízdní pruh pro cyklisty - V14,2010,55.689999,2022/12/16 00:00:00+00,{FEB457A3-A5BE-42A4-93C2-57C260AC57B5},0.000625057214283863
366,247,Stezka pro chodce a cyklisty (dělená) - C10,2013,147.74001,2022/12/16 00:00:00+00,{6731FE8B-DA86-47D2-BEE0-30E17AB4509D},0.00193910950385378
367,246,Vyhrazený jízdní pruh pro cyklisty - V14,2013,14.1,2022/12/16 00:00:00+00,{C6A9E8DB-CDF4-47C1-BF92-AD3FAC3E7D29},0.000184419404337065
368,245,Vyhrazený jízdní pruh pro cyklisty - V14,2013,33.400002,2022/12/16 00:00:00+00,{873767AB-CD19-4D0F-8122-40C33A6C345F},0.00042728000345972
369,238,Stezka pro chodce a cyklisty (nedělená) - C9,1999,274.85001,2022/12/16 00:00:00+00,{6B579777-D884-4C29-ADA3-844249FDE3DA},0.00365910313220631
370,236,Piktogramový koridor pro cyklisty - V20,2010,43.560001,2022/12/16 00:00:00+00,{8326C96C-9353-4F2A-B195-0ACBB44565E9},0.000580721188836038
371,235,Piktogramový koridor pro cyklisty - V20,2010,8.8599997,2022/12/16 00:00:00+00,{F4CCC1CC-C3E9-475C-A9FF-0DB7946BB0A1},0.000118011269101349
372,234,Piktogramový koridor pro cyklisty - V20,2010,201.14,2022/12/16 00:00:00+00,{4FD63B83-18FD-483C-B58E-9891CEFD0AF0},0.00264245471873706
373,233,Piktogramový koridor pro cyklisty - V20,2010,168.31,2022/12/16 00:00:00+00,{B1040C67-179F-4BBF-92A2-211359E95A65},0.00171092484221603
374,214,Vyhrazený jízdní pruh pro cyklisty - V14,2013,392.10999,2022/12/16 00:00:00+00,{320A0279-73A7-4DD1-8F4C-5F262EBC052A},0.00430269936136755
375,142,Jízda cyklistů v protisměru - E12,2013,184.08,2022/12/16 00:00:00+00,{EEDEE9A8-3C33-4BD7-8694-F6C62CB30086},0.00250228052780637
376,144,Jízda cyklistů v protisměru - E12,2015,35.919998,2022/12/16 00:00:00+00,{E54C2372-D289-41BE-A9E3-91A4F721BA11},0.00039863367904844
377,253,Ochranný jízdní pruh pro cyklisty,2018,403.81,2022/12/16 00:00:00+00,{36C7C3E6-3620-41B1-B453-CABE7D736ADB},0.00436210459452861
378,252,Ochranný jízdní pruh pro cyklisty,2018,62.27,2022/12/16 00:00:00+00,{81AC8CDC-4BBF-4E7B-B2BE-2C0F5EB48DD7},0.000647620582614011
379,220,Piktogramový koridor pro cyklisty - V20,2010,40.049999,2022/12/16 00:00:00+00,{C7FF38E1-D8CD-45AD-B90D-829886B8174A},0.000463076518897718
380,219,Piktogramový koridor pro cyklisty - V20,2010,38.18,2022/12/16 00:00:00+00,{3F2D99C9-B825-4ED0-A107-0D613677AD79},0.000423611526906552
381,215,Vyhrazený jízdní pruh pro cyklisty - V14,2013,244.60001,2022/12/16 00:00:00+00,{0A480E3C-9F0C-4B1B-BCE3-E43A05E8C5AB},0.00284611032760771
382,213,Piktogramový koridor pro cyklisty - V20,2013,31.26,2022/12/16 00:00:00+00,{77348F25-A949-4C72-A850-B656D7CD0F3F},0.000343134743491892
383,212,Stezka pro chodce a cyklisty (nedělená) - C9,2012,92.480003,2022/12/16 00:00:00+00,{016D28A8-2CBD-46B6-AFBD-D22A3CAEA900},0.00122033101722066
384,211,Stezka pro chodce a cyklisty (nedělená) - C9,2012,71.389999,2022/12/16 00:00:00+00,{D121E843-9B77-483C-818A-CBEA64B0302D},0.00093243941580376
385,210,Stezka pro chodce a cyklisty (dělená) - C10,2013,185.06,2022/12/16 00:00:00+00,{71197D89-AA4F-4C30-81EB-7BE8960D0664},0.00243274232162399
386,209,Stezka pro chodce a cyklisty (dělená) - C10,2010,278.79999,2022/12/16 00:00:00+00,{527C11A2-6166-4F58-980F-A8EB4298BA15},0.00356137469590105
387,208,Stezka pro cyklisty - C8,2010,347.73999,2022/12/16 00:00:00+00,{8593C371-2F58-4773-A363-51393C60542F},0.00448265020211035
388,207,Stezka pro chodce a cyklisty (dělená) - C10,2007,117.34,2022/12/16 00:00:00+00,{46B263A0-9ECF-45F3-B180-12C2766471FF},0.00158125980775383
389,206,Stezka pro chodce a cyklisty (dělená) - C10,2007,42.689999,2022/12/16 00:00:00+00,{323444E1-2499-4FE0-B895-502F11E93127},0.00056109165245868
390,205,Stezka pro chodce a cyklisty (nedělená) - C9,2010,159.7,2022/12/16 00:00:00+00,{F8DDFDBC-338A-49A2-B501-FA171F0C041E},0.00167012749929975
391,204,Stezka pro chodce a cyklisty (nedělená) - C9,2008,266.37,2022/12/16 00:00:00+00,{5DEC1977-1907-4ED7-82A9-CF129EE2227B},0.00328302442275912
392,170,Stezka pro chodce a cyklisty (nedělená) - C9,2006,94.5,2022/12/16 00:00:00+00,{60BEB43E-6F3A-4A1A-B0AF-F0AD8025E6D4},0.00118795795607662
393,167,Stezka pro cyklisty - C8,2010,22.870001,2022/12/16 00:00:00+00,{693039E9-EC77-4656-A04E-1B90BAABCF76},0.000287923236130966
394,169,Stezka pro chodce a cyklisty (nedělená) - C9,1999,684.21997,2022/12/16 00:00:00+00,{C765AF15-77C8-499E-94E2-95FDF50493C9},0.00689690939662994
395,119,Piktogramový koridor pro cyklisty - V20,2014,63.490002,2022/12/16 00:00:00+00,{E0617FA2-77A7-4CAB-BEA5-BE0CD4F3C2FF},0.000587370833288479
396,177,Stezka pro cyklisty - C8,2013,91.720001,2022/12/16 00:00:00+00,{5C8CB1F5-28AF-46E2-B426-01FB4D5A1819},0.00116492199868162
397,201,Stezka pro chodce a cyklisty (nedělená) - C9,2009,61.82,2022/12/16 00:00:00+00,{47F84A2D-044F-415D-8F9C-3F034735BB84},0.000800360015446788
398,198,Stezka pro chodce a cyklisty (nedělená) - C9,2004,127.01,2022/12/16 00:00:00+00,{F8E219A1-F3F4-4B10-BB93-002DC1709FEE},0.00139093422710239
399,193,Stezka pro chodce a cyklisty (nedělená) - C9,1997,277.12,2022/12/16 00:00:00+00,{4525DF20-AD3B-4BEB-B81B-4BED0CDBD074},0.0030564766781089
400,192,Stezka pro chodce a cyklisty (nedělená) - C9,1997,138.09,2022/12/16 00:00:00+00,{8A89925A-1954-4581-A082-C7C1C5A704BA},0.0014439769312373
401,191,Stezka pro chodce a cyklisty (nedělená) - C9,1997,70.709999,2022/12/16 00:00:00+00,{A19F61E8-3239-4AA6-B27D-19E938338B79},0.000725724118413862
402,190,Stezka pro chodce a cyklisty (nedělená) - C9,1997,119.12,2022/12/16 00:00:00+00,{DBAFF1E9-C86B-45AF-8B24-5BD43D5792F2},0.00119133499364626
403,189,Stezka pro chodce a cyklisty (nedělená) - C9,1997,135.42,2022/12/16 00:00:00+00,{D0A5201B-E961-47B7-95B5-DBE58D09FE52},0.0013240351774371
404,188,Stezka pro chodce a cyklisty (nedělená) - C9,1997,77.800003,2022/12/16 00:00:00+00,{B645CBAD-FD2B-4FBF-88BC-9C4C95B469B8},0.000757958332682053
405,187,Stezka pro chodce a cyklisty (nedělená) - C9,1997,103.95,2022/12/16 00:00:00+00,{01538FD6-CB10-469D-BF96-D67068D2F50A},0.0010116433923615
406,186,Stezka pro chodce a cyklisty (nedělená) - C9,1997,65.730003,2022/12/16 00:00:00+00,{CC6A7890-2172-4752-B8CC-12316E985EAE},0.000642949372445029
407,178,Stezka pro chodce a cyklisty (nedělená) - C9,2012,133.22,2022/12/16 00:00:00+00,{8BAF87C6-9715-48E5-A3FB-B0476DA0EF6C},0.00133228645996164
408,173,Stezka pro chodce a cyklisty (nedělená) - C9,2002,1325.28,2022/12/16 00:00:00+00,{A2990EEB-BC4F-4A4D-9824-5DC048B290F2},0.0120762540059995
409,172,Stezka pro chodce a cyklisty (nedělená) - C9,2002,214.2,2022/12/16 00:00:00+00,{B3557988-5D59-43CB-9B73-CCEF13E2C9AE},0.0019555553513312
410,304,"Vyhrazený pruh pro taxi, cyklo, bus",2010,126.16,2022/12/16 00:00:00+00,{AA51B6B9-7198-4039-8098-F6BCC58D7A8A},0.00168480098448271
411,171,Stezka pro chodce a cyklisty (nedělená) - C9,2002,226.58,2022/12/16 00:00:00+00,{3FD5FC47-3FE6-434A-902A-2CB660B57AF3},0.00205632222600822
412,259,Piktogramový koridor pro cyklisty - V20,2017,59.639999,2022/12/16 00:00:00+00,{4478E432-8387-4B69-9733-B41FF63F8E7A},0.000796514788216756
413,268,Vyhrazený jízdní pruh pro cyklisty - V14,2017,217.47,2022/12/16 00:00:00+00,{0BE3E9A8-48D2-4748-8CD6-52893BE91398},0.00291044315665166
414,195,Stezka pro chodce a cyklisty (nedělená) - C9,2013,296.39001,2022/12/16 00:00:00+00,{8440B8D6-8616-4C58-B76D-FD1F75FA17EC},0.00363730655638114
415,199,Stezka pro chodce a cyklisty (nedělená) - C9,2003,412.5,2022/12/16 00:00:00+00,{BBC2B188-BBF0-4A5B-8077-5B37F2A79231},0.0047151383372272
416,383,Stezka pro chodce a cyklisty (nedělená) - C9,1995,127.78,2022/12/16 00:00:00+00,{403D3556-8541-4ED8-8DF0-9F30E5470943},0.00139791629683647
417,382,Vjezd cyklistům povolen,2017,106.88,2022/12/16 00:00:00+00,{C27551F9-716B-4215-9551-D43F21FCBCDA},0.00109867738645823
418,202,Stezka pro chodce a cyklisty (nedělená) - C9,2000,506.95001,2022/12/16 00:00:00+00,{ED384276-4460-43E1-B5FD-15E9B8AC714A},0.00489070173085992
419,120,"Vyhrazený pruh pro taxi, cyklo, bus",2014,221.45,2022/12/16 00:00:00+00,{7061D876-C1E0-4976-AD22-02E20E31E3DB},0.00200073811368858
420,118,Piktogramový koridor pro cyklisty - V20,2013,267.16,2022/12/16 00:00:00+00,{D7F0EDDC-E01A-40FB-92B6-AC3451098F6D},0.00247673618908712
421,117,"Vyhrazený pruh pro taxi, cyklo, bus",2013,374.85001,2022/12/16 00:00:00+00,{1547985C-AB81-49A1-91E3-95F60A9F317F},0.00349344019360421
422,185,Stezka pro chodce s povoleným vjezdem cyklistů,2020,79,2022/12/16 00:00:00+00,{9F4019BA-CDF7-4D40-BA41-25AAC0439DB1},0.000769778032159264
423,5,Stezka pro chodce a cyklisty (nedělená) - C9,1999,452.56,2022/12/16 00:00:00+00,{C936C34F-20BE-441F-8BFD-137698EF16A6},0.00419938233199905
424,4,Stezka pro chodce a cyklisty (nedělená) - C9,1999,122.92,2022/12/16 00:00:00+00,{682233D4-69A1-4238-BA21-1DC22C7ED96E},0.0011444862582586
425,113,Vyhrazený jízdní pruh pro cyklisty - V14,2010,461.07001,2022/12/16 00:00:00+00,{9E0BCECF-EE02-4C7B-8B4A-B62ABAEDF0C0},0.00590179706846187
426,168,Stezka pro chodce a cyklisty (nedělená) - C9,2010,1022.61,2022/12/16 00:00:00+00,{3CE82D7C-7085-4492-AB71-0A599A3C48CA},0.00991181823578508
427,166,Stezka pro chodce a cyklisty (nedělená) - C9,2010,242.28,2022/12/16 00:00:00+00,{9F585FD7-15EB-4539-9B6B-421578C5F4E9},0.00243034172352498
428,165,Stezka pro cyklisty - C8,2010,50.009998,2022/12/16 00:00:00+00,{A0601DD6-1256-4985-A8C6-E0925DAAA95B},0.000499310022867515
429,164,Stezka pro chodce a cyklisty (nedělená) - C9,2010,300.42999,2022/12/16 00:00:00+00,{EE93FDED-445C-4A21-891D-F39E90DFA389},0.00408136641274624
430,163,Stezka pro chodce a cyklisty (nedělená) - C9,1995,519.65002,2022/12/16 00:00:00+00,{ADCD86F6-65A9-4B6A-9FC7-33B78C0ECB72},0.00505122362222513
431,162,Stezka pro chodce a cyklisty (nedělená) - C9,2015,114.97,2022/12/16 00:00:00+00,{3753F524-D6F7-4EFC-AC15-E800E4146169},0.00110670974952621
432,161,Stezka pro chodce a cyklisty (nedělená) - C9,2015,54.360001,2022/12/16 00:00:00+00,{40AC25E7-64FA-451C-B875-A847FCE1CDCA},0.000505783486746589
433,160,Stezka pro chodce a cyklisty (nedělená) - C9,2015,155.42999,2022/12/16 00:00:00+00,{728E9A84-3C1A-444F-A6C3-8B96747C2651},0.00144766058215951
434,159,Stezka pro chodce a cyklisty (nedělená) - C9,2011,243.33,2022/12/16 00:00:00+00,{55561A74-5CC6-4635-9F9F-9061E7C6932C},0.00328164505252159
435,158,Stezka pro chodce a cyklisty (nedělená) - C9,2011,142.97,2022/12/16 00:00:00+00,{07BF5C2C-4F49-4115-BF2D-EBF7F5F24E75},0.00190294529243173
436,157,Stezka pro chodce a cyklisty (nedělená) - C9,2015,662.26001,2022/12/16 00:00:00+00,{C69EF434-0C22-4992-B511-400C3BE05616},0.00667533929241544
437,156,Stezka pro chodce a cyklisty (nedělená) - C9,2006,129.95,2022/12/16 00:00:00+00,{33E6279A-37DE-4357-BE75-5EA0EAB8F95E},0.00168578354396496
438,121,Piktogramový koridor pro cyklisty - V20,2014,76.169998,2022/12/16 00:00:00+00,{EA4EE220-4337-44BA-A178-4C10319FE8C5},0.000785998043112997
439,66,Ostatní,2007,36.669998,2022/12/16 00:00:00+00,{8FE884A8-04B8-4998-A4FE-A369ECEA4944},0.000496207084115487
440,111,Stezka pro chodce a cyklisty (dělená) - C10,2001,222.77,2022/12/16 00:00:00+00,{04041275-51EE-4153-8866-DEE84F470D0E},0.00287678482092391
441,109,Piktogramový koridor pro cyklisty - V20,2014,73.790001,2022/12/16 00:00:00+00,{1094226D-791E-491E-A2F9-2A68FFB3530B},0.000937570848001427
442,108,Vyhrazený jízdní pruh pro cyklisty - V14,2014,234.7,2022/12/16 00:00:00+00,{3B9D9E8E-A72D-4D2E-9C5A-72237A74ECD8},0.00301129293429116
443,107,Piktogramový koridor pro cyklisty - V20,2014,39.32,2022/12/16 00:00:00+00,{EADF0B65-2633-4DC6-B1F4-B558E2DD97C6},0.000506136417016001
444,260,Piktogramový koridor pro cyklisty - V20,2017,80.889999,2022/12/16 00:00:00+00,{5C126913-EEA1-4B8B-A9D8-70FB93190B31},0.00107465522793572
445,258,Stezka pro chodce a cyklisty (nedělená) - C9,2018,136.39,2022/12/16 00:00:00+00,{D40EBEAF-EFAA-4DC6-8172-B835D9C2E1FC},0.00167543080644951
446,267,Piktogramový koridor pro cyklisty - V20,2017,197.72,2022/12/16 00:00:00+00,{0893C77C-16B7-4C89-9A85-F857C7E459FD},0.00264620599689477
447,266,Vyhrazený jízdní pruh pro cyklisty - V14,2017,189.89999,2022/12/16 00:00:00+00,{A0BEBA1C-8D12-456C-ABE6-F31F52DEBF2D},0.00254017131067234
448,265,Vyhrazený jízdní pruh pro cyklisty - V14,2017,56.91,2022/12/16 00:00:00+00,{878C3628-97D3-408B-AC37-1A0C1D16BF05},0.000760882287688447
449,67,Piktogramový koridor pro cyklisty - V20,2007,36.599998,2022/12/16 00:00:00+00,{8B562BC7-9128-463E-8BC9-34FAEFED376A},0.000491740250908067
450,65,Stezka pro chodce a cyklisty (dělená) - C10,2007,207.00999,2022/12/16 00:00:00+00,{0954D468-A4A8-4180-A336-FEB7A3B46998},0.00186924895015422
451,64,Stezka pro chodce a cyklisty (dělená) - C10,2007,122.44,2022/12/16 00:00:00+00,{741012D9-ACF3-42DE-9C7C-970402D76763},0.00110630879930144
452,433,Vjezd cyklistům povolen,2018,836.51001,2022/12/16 00:00:00+00,{713908BF-3353-4ED8-9239-49818542ACA5},0.00934054248911655
453,112,Stezka pro chodce a cyklisty (nedělená) - C9,2010,71.599998,2022/12/16 00:00:00+00,{83F1768A-7B2B-49E0-9BB0-F1184BA7FF23},0.000905492868766191
454,375,Vjezd cyklistům povolen,2015,155.97,2022/12/16 00:00:00+00,{FAAEFE30-EF99-4255-80CA-0B24159831FF},0.00194102917080475
455,110,Stezka pro chodce a cyklisty (dělená) - C10,2001,437.87,2022/12/16 00:00:00+00,{132043D4-4908-42FF-ACD6-7135B992C851},0.00585063084372907
456,155,Stezka pro chodce a cyklisty (nedělená) - C9,2006,1666.1,2022/12/16 00:00:00+00,{BD3EB35A-2E1F-4EE1-8C85-AD15E8BEDC36},0.0156380833849901
457,140,Stezka pro chodce a cyklisty (nedělená) - C9,1997,227.64,2022/12/16 00:00:00+00,{3D8E0B5F-7146-4E99-9D2D-1D93D1E1E90A},0.00221134613292918
458,139,Stezka pro chodce a cyklisty (nedělená) - C9,2015,506.85999,2022/12/16 00:00:00+00,{AC545728-A272-4B58-BC99-01CF62E546BC},0.0055864204782468
459,138,Stezka pro chodce a cyklisty (nedělená) - C9,2015,562.42999,2022/12/16 00:00:00+00,{52C861B6-A98C-4DE5-AA39-B79B79212DBC},0.00645274016327942
460,137,Stezka pro chodce a cyklisty (nedělená) - C9,1997,1044.5601,2022/12/16 00:00:00+00,{57793388-1AA1-4729-A10B-75DF202D4EEF},0.0121443329752534
461,237,Piktogramový koridor pro cyklisty - V20,2010,261.98001,2022/12/16 00:00:00+00,{A599FA25-89BC-4D42-9628-57D87A61A051},0.00349260031316401
462,136,Stezka pro chodce a cyklisty (nedělená) - C9,1997,173.16,2022/12/16 00:00:00+00,{72825D3C-F789-4ECC-884E-0C5279A01AB5},0.00236445047051563
463,135,Stezka pro chodce a cyklisty (nedělená) - C9,2003,149.53,2022/12/16 00:00:00+00,{7388EBB0-9ED5-4693-A796-E0455EC37985},0.00189112861419205
464,134,Stezka pro chodce a cyklisty (nedělená) - C9,2015,423.45999,2022/12/16 00:00:00+00,{D2419FD6-BD99-4B6D-A586-C55BAB8C4D96},0.00542513265102241
465,133,Stezka pro chodce a cyklisty (nedělená) - C9,1998,536.28998,2022/12/16 00:00:00+00,{7AD84398-117E-44C7-AFF6-A9481D5B9B35},0.00681062565634989
466,132,Stezka pro chodce a cyklisty (nedělená) - C9,1998,142.17,2022/12/16 00:00:00+00,{53BA8786-59B1-41ED-8DD4-E0A29BABDC12},0.00181065137215731
467,342,Vjezd cyklistům povolen,2015,82.660004,2022/12/16 00:00:00+00,{C7D2CDE8-AAD6-41A9-9768-89456910634D},0.000790408548718955
468,131,Stezka pro cyklisty - C8,2013,151.47,2022/12/16 00:00:00+00,{B244003E-6A66-485A-B5F2-D70B7E531A32},0.00180466781217031
469,130,Stezka pro cyklisty - C8,2013,210,2022/12/16 00:00:00+00,{BFCEC6A9-E581-48A9-9045-FAFDBFA1A507},0.00239872107676113
470,27,Piktogramový koridor pro cyklisty - V20,2016,48.77,2022/12/16 00:00:00+00,{2D9B05EE-9F94-43CE-8DA3-6292444F4963},0.000585585964191527
471,96,Stezka pro chodce a cyklisty (nedělená) - C9,2001,909.56,2022/12/16 00:00:00+00,{60BD7687-9891-47B8-8B05-37E0F89C1D93},0.00845402965955685
472,95,Piktogramový koridor pro cyklisty - V20,2001,39.91,2022/12/16 00:00:00+00,{984A0A61-F1AE-4EB4-814D-DBADA1D015CB},0.000530217883277206
473,94,Stezka pro chodce a cyklisty (dělená) - C10,1998,165,2022/12/16 00:00:00+00,{42BFDC1A-8321-4FDC-83EA-A967439CEBFC},0.00215690535175954
474,307,Stezka pro chodce a cyklisty (nedělená) - C9,2017,63.07,2022/12/16 00:00:00+00,{45EF0CB1-8067-43C4-9EB8-07DAAFE596A3},0.000790403483253493
475,311,Stezka pro chodce a cyklisty (nedělená) - C9,2013,62.740002,2022/12/16 00:00:00+00,{82C2629A-609F-4B1B-8A72-91B99DC1EDB0},0.00084109073167065
476,339,Vjezd cyklistům povolen,2012,235.71001,2022/12/16 00:00:00+00,{02B2815B-2960-4AE4-9E47-DF9A77685571},0.00295835944148398
477,203,Stezka pro chodce a cyklisty (nedělená) - C9,2000,566.19,2022/12/16 00:00:00+00,{DBE34C3E-2014-483B-AA7B-2643D92BB7CA},0.00524670770378759
478,200,Stezka pro chodce a cyklisty (nedělená) - C9,2000,43.040001,2022/12/16 00:00:00+00,{49BB8095-0AE3-47D5-BDF4-D32E5A10FA3D},0.000392325917623158
479,63,Stezka pro chodce a cyklisty (dělená) - C10,2007,537.33002,2022/12/16 00:00:00+00,{59E44BFE-7E74-494B-A6D1-809BDA8B6F25},0.00734543734881954
480,62,Stezka pro chodce a cyklisty (dělená) - C10,2007,102.05,2022/12/16 00:00:00+00,{0FBF0C7E-3203-4BA1-BEAE-B00E14DF732A},0.000941525845073822
481,60,Piktogramový koridor pro cyklisty - V20,2010,30.43,2022/12/16 00:00:00+00,{6F53ED74-49B8-4EEC-BBB3-5C5123AE43BA},0.000402915710688455
482,56,Vyhrazený jízdní pruh pro cyklisty - V14,2010,27.879999,2022/12/16 00:00:00+00,{6868B445-1E45-4875-9BA1-657FA8D2F8AB},0.000379614526870424
483,55,Piktogramový koridor pro cyklisty - V20,2010,127.93,2022/12/16 00:00:00+00,{D1BA4858-145F-43A5-B14E-CB9CEF4884F0},0.00171683557023404
484,356,Vjezd cyklistům povolen,2015,228.92,2022/12/16 00:00:00+00,{CAD95A13-5741-441C-B09E-AE19B40D5FC2},0.00218223053313626
485,430,Vjezd cyklistům povolen,2018,395.51999,2022/12/16 00:00:00+00,{A2C9E229-25F1-43E9-AC1F-C8DCA9A3CB81},0.00361081251344157
486,2,Stezka pro chodce a cyklisty (dělená) - C10,2008,260.13,2022/12/16 00:00:00+00,{CFE30780-841C-43FD-B78F-5CD3CBB95D9C},0.00327861708943916
487,435,Vjezd cyklistům povolen,2015,176.37,2022/12/16 00:00:00+00,{A298B8F7-D649-4A4A-880F-87C67CE5A240},0.00160314725448233
488,434,Vjezd cyklistům povolen,2018,356.89001,2022/12/16 00:00:00+00,{02874B99-B045-482F-9E30-5E52B35BADF4},0.00406322051542735
489,379,Vjezd cyklistům zakázán,2015,50.540001,2022/12/16 00:00:00+00,{2E523A73-8FC5-4650-A642-6A6A8F9A04C4},0.00059939061917391
490,54,Vyhrazený jízdní pruh pro cyklisty - V14,2010,1209.34,2022/12/16 00:00:00+00,{8A2F7F9E-EC00-4F98-837D-A86344E57868},0.0148407233529988
491,53,Piktogramový koridor pro cyklisty - V20,2010,89.989998,2022/12/16 00:00:00+00,{8CBE9C50-877B-4270-814F-1B3944103485},0.00120473026527402
492,52,Vyhrazený jízdní pruh pro cyklisty - V14,2010,72.25,2022/12/16 00:00:00+00,{B049D9A8-B45C-4908-AA57-C0AA757E5DEE},0.000961549714239656
493,87,Ostatní,2014,46.57,2022/12/16 00:00:00+00,{E22BD2A3-02BA-47AB-AC46-39268C523969},0.000421869029297336
494,176,Stezka pro cyklisty - C8,2002,144.3,2022/12/16 00:00:00+00,{5C95E391-5447-4A86-AF91-2A279B492C7D},0.00192965959292702
495,175,Stezka pro cyklisty - C8,2002,88.709999,2022/12/16 00:00:00+00,{AC6D8033-2B30-468F-B15B-1BBFF460EDE0},0.00118585877505359
496,174,Stezka pro cyklisty - C8,2002,236.91,2022/12/16 00:00:00+00,{BF56459A-0A3D-4BFE-9CB6-4301DCFCDD12},0.00314018089855076
497,196,Stezka pro chodce a cyklisty (nedělená) - C9,2001,131.17999,2022/12/16 00:00:00+00,{54FD76DF-29FE-4CDA-B3E0-D697B3E868DD},0.00169795556866497
498,31,Piktogramový koridor pro cyklisty - V20,2017,322.47,2022/12/16 00:00:00+00,{55E32CE9-49A0-4143-BAE0-5FBDD95D4C74},0.00430933915585863
499,30,Vyhrazený jízdní pruh pro cyklisty - V14,2017,299.48001,2022/12/16 00:00:00+00,{734D6F8E-7D58-44AB-9E56-279923071043},0.00400225428924463
500,23,Vyhrazený jízdní pruh pro cyklisty - V14,2012,521.34998,2022/12/16 00:00:00+00,{0E549282-6943-411D-9516-793A663AB045},0.0070049353788949
501,21,Stezka pro chodce a cyklisty (nedělená) - C9,2006,129.42999,2022/12/16 00:00:00+00,{9C748ACD-F119-4CB3-BB67-C567D9418843},0.00133637882798964
502,20,Stezka pro chodce a cyklisty (nedělená) - C9,2006,59.630001,2022/12/16 00:00:00+00,{F9F2A531-01D8-4AFC-939E-44F1F46D3893},0.000614682506952413
503,19,Stezka pro chodce a cyklisty (nedělená) - C9,2006,306.64001,2022/12/16 00:00:00+00,{ECF81F59-C377-4F29-AA27-AA0D245A9B0A},0.00296124610241483
504,18,Stezka pro chodce a cyklisty (nedělená) - C9,2010,86.720001,2022/12/16 00:00:00+00,{CDD7D299-295F-4F2E-A479-9CFB0B4F656D},0.000936405244415553
505,16,Piktogramový koridor pro cyklisty - V20,2010,103.08,2022/12/16 00:00:00+00,{1B923031-5B5C-4324-A6E1-B7E8FA57B3C5},0.0011488029858654
506,357,Vjezd cyklistům povolen,2015,176.55,2022/12/16 00:00:00+00,{8CDED102-2407-4942-8773-B594DE500750},0.00183211968985626
507,15,"Vyhrazený pruh pro taxi, cyklo, bus",2010,359.04001,2022/12/16 00:00:00+00,{866343B2-22F0-4439-A32F-D5EDFEAED4B0},0.00390812662314442
508,11,Stezka pro cyklisty - C8,2002,68.230003,2022/12/16 00:00:00+00,{64D59F10-F195-490B-AA76-EF9457202C3B},0.000894971158220493
509,8,Stezka pro cyklisty - C8,1997,193.95,2022/12/16 00:00:00+00,{DC30CF8A-26D7-493B-961A-60D16A59F535},0.00223193016422403
510,7,Stezka pro cyklisty - C8,1997,259.14001,2022/12/16 00:00:00+00,{AB0DA72B-9784-4E21-A4AB-E709ACF4BC21},0.00267312699462001
511,355,Vjezd cyklistům povolen,2015,76.169998,2022/12/16 00:00:00+00,{DD0A949A-C171-485D-ABE6-1BD0E11471F6},0.000968455392162139
512,378,Vjezd cyklistům zakázán,2015,207.03,2022/12/16 00:00:00+00,{5B019C11-CE7E-405C-9686-6E7E4B0E77E8},0.00221947737907205
513,374,Vjezd cyklistům povolen,2015,177.83,2022/12/16 00:00:00+00,{A6F1BAE2-EAD2-4457-8626-81A72D175E0F},0.00222681766888424
514,373,Vjezd cyklistům povolen,2015,292.72,2022/12/16 00:00:00+00,{C823A377-8AC0-4D9D-95E7-EDCD828CF2CC},0.00304069536042824
515,372,Vjezd cyklistům povolen,2015,153.55,2022/12/16 00:00:00+00,{7A72A468-3A47-4AE1-9468-CA83FB0650D0},0.00198940278714956
516,371,Vjezd cyklistům povolen,2015,78.580002,2022/12/16 00:00:00+00,{7A07DB22-4E1D-490F-A848-1F145637D972},0.00106929528303528
517,370,Vjezd cyklistům povolen,2015,108.82,2022/12/16 00:00:00+00,{D31AD3FD-ACF6-4592-A309-706929837C06},0.00116971099423462
518,369,Vjezd cyklistům povolen,2015,65.32,2022/12/16 00:00:00+00,{FE73E9F7-97D2-4B41-A883-98D8B4988B31},0.00087329779230475
519,368,Vjezd cyklistům povolen,2015,61.200001,2022/12/16 00:00:00+00,{258A71FD-F9BA-4819-8D27-F8A0FCA9B731},0.000786063588604909
520,367,Vjezd cyklistům povolen,2015,401.85001,2022/12/16 00:00:00+00,{8B15BCD0-15F8-4079-8545-309BF37530A9},0.00416486214553418
521,366,Vjezd cyklistům povolen,2015,25.25,2022/12/16 00:00:00+00,{5221A596-F546-4E58-A60A-6AC727DBF7CC},0.000228012439184599
522,365,Vjezd cyklistům povolen,2015,371.48001,2022/12/16 00:00:00+00,{89763D34-BBE3-4E47-A479-B3E6001EBB63},0.00476370944470256
523,364,Vjezd cyklistům povolen,2015,50.720001,2022/12/16 00:00:00+00,{7DDDC03F-E949-4661-899B-79CE3DDA9D26},0.000649257630494178
524,363,Vjezd cyklistům povolen,2015,107.77,2022/12/16 00:00:00+00,{0A7F88BE-C688-4013-94F9-5FFA3746C9B5},0.00112334917133493
525,362,Vjezd cyklistům povolen,2015,349.75,2022/12/16 00:00:00+00,{35736383-167B-4A93-B346-329896A92D2C},0.00477170404439411
526,360,Vjezd cyklistům povolen,2015,97.019997,2022/12/16 00:00:00+00,{6CF5D6A9-63B7-49C4-980B-7025C846078D},0.00118957779398611
527,359,Vjezd cyklistům povolen,2015,157.74001,2022/12/16 00:00:00+00,{8CAFB9EC-5B71-47DA-AF62-2AA966925D24},0.00183157897294177
528,358,Vjezd cyklistům povolen,2015,72.699997,2022/12/16 00:00:00+00,{714EA120-0AE7-4D96-A351-C389A434FB5C},0.000944866354469438
529,343,Vjezd cyklistům povolen,2015,67.830002,2022/12/16 00:00:00+00,{3A657B14-A89E-45CC-B64E-9E82052641F6},0.000880972303295654
530,351,Vjezd cyklistům povolen,2015,24.370001,2022/12/16 00:00:00+00,{64091014-CA11-42A2-87A4-A5FE5D7673A0},0.000257135321793218
531,350,Vjezd cyklistům povolen,2015,67.129997,2022/12/16 00:00:00+00,{67B2C99D-4D3E-4D05-A93D-809BDF2AB62F},0.000615150964389969
532,349,Vjezd cyklistům povolen,2015,19.139999,2022/12/16 00:00:00+00,{8D7DA75A-F766-433F-9CBF-C29C26BF06D9},0.000193079434740239
533,348,Vjezd cyklistům povolen,2015,198.14999,2022/12/16 00:00:00+00,{668AE5C9-3DB2-469D-91F0-B2C85B0C0F99},0.00189191144589302
534,346,Vjezd cyklistům povolen,2015,95.790001,2022/12/16 00:00:00+00,{A62C4585-80F4-4D7C-BC9B-74FB5476C7B9},0.00127760305281714
535,345,Vjezd cyklistům povolen,2015,109.81,2022/12/16 00:00:00+00,{BF0D3DAD-9CEC-4FD0-B5E6-FED50B0B9254},0.00146322027974279
536,344,Vjezd cyklistům povolen,2015,184.27,2022/12/16 00:00:00+00,{8B62217F-75B4-423E-953E-41794DBE399B},0.00218801312254872
537,338,Stezka pro chodce a cyklisty (nedělená) - C9,2007,51.650002,2022/12/16 00:00:00+00,{0D368D8B-704D-4D6E-BFE3-3B9F8D2E5327},0.000466457969073993
538,24,Jízda cyklistů v protisměru - E12,2016,113.84,2022/12/16 00:00:00+00,{0C3A8D3F-804A-4B45-B487-25B8A98A0965},0.00151113433667393
539,381,Vjezd cyklistům zakázán,2015,55.889999,2022/12/16 00:00:00+00,{66C37A03-77DD-466C-8E04-6F08758D506A},0.00070788687847595
540,10,Jízda cyklistů v protisměru - E12,2002,87.440002,2022/12/16 00:00:00+00,{439E3C83-CBD5-4685-A0C9-A3B320B1EB5F},0.00114698354988057
541,335,Jízda cyklistů v protisměru - E12,2015,81.080002,2022/12/16 00:00:00+00,{3A474821-C056-4B76-8FC7-AC156A1262A1},0.000820202593380986
542,61,Vyhrazený jízdní pruh pro cyklisty - V14,2010,1259.65,2022/12/16 00:00:00+00,{3B846A91-D458-4876-8494-D393A78790C6},0.015485913325085
543,58,Piktogramový koridor pro cyklisty - V20,2010,56.18,2022/12/16 00:00:00+00,{DF484B36-DCED-4B0C-AE2F-2C1B849C8155},0.000767089804741936
544,57,Piktogramový koridor pro cyklisty - V20,2010,40.099998,2022/12/16 00:00:00+00,{F5C898B9-13E7-48ED-88BB-623C9AC9B138},0.000537022281903183
545,1,Stezka pro chodce a cyklisty (dělená) - C10,2008,92.660004,2022/12/16 00:00:00+00,{59EE0F0A-6EB0-4F77-986B-B366BF7A125D},0.00103079626852609
546,86,Piktogramový koridor pro cyklisty - V20,2014,118.01,2022/12/16 00:00:00+00,{EE5BD140-FC9F-492A-90C3-9E3827A0A268},0.00106925363179238
547,85,Piktogramový koridor pro cyklisty - V20,2014,135.25999,2022/12/16 00:00:00+00,{E858CE06-7D4C-4A51-AE62-E0DD5198F08C},0.00123299452727831
548,84,Vyhrazený jízdní pruh pro cyklisty - V14,2014,47.549999,2022/12/16 00:00:00+00,{62C63FAC-046A-4920-97D1-D483ED62AB33},0.000435112563392626
549,17,Stezka pro chodce a cyklisty (nedělená) - C9,2010,329.89999,2022/12/16 00:00:00+00,{0ABC864E-E271-4D9F-9CCC-E6C776F9C070},0.00417727986530555
550,341,Vjezd cyklistům povolen,2015,244.95,2022/12/16 00:00:00+00,{7425F16F-721E-43FD-85AA-1FB84CB81023},0.00326607765856573
551,571,Stezka pro chodce a cyklisty (nedělená) - C9,2007,227.3,2022/12/16 00:00:00+00,{E0E6E3CF-6A49-40B4-8FF0-6E62A72F10DD},0.0029972735606346
552,572,Stezka pro chodce a cyklisty (nedělená) - C9,2007,225.39999,2022/12/16 00:00:00+00,{6EE940B9-11EE-4A98-9963-F270C67D7EC7},0.00294327030398363
553,573,Zákaz vjezdu všech motorových vozidel - B11,2001,660.12,2022/12/16 00:00:00+00,{D4F9A9EF-4790-4C28-9B6E-39256CB9E7E3},0.00603398930491387
554,579,Jízda cyklistů v protisměru (piktogram),2018,12.76,2022/12/16 00:00:00+00,{17674940-F637-4121-B0EE-E6475F172E8C},0.000171730501356441
555,26,Vyhrazený jízdní pruh pro cyklisty - V14,2016,233.10001,2022/12/16 00:00:00+00,{24D02F45-EB70-490E-8E6F-B36BCEA7DB3D},0.00278797772376126
556,575,Vyhrazený jízdní pruh pro cyklisty - V14,2019,507.89001,2022/12/16 00:00:00+00,{E0CAF01D-35FB-4FCE-8DEA-4E71690335D1},0.00504325410459247
557,93,Stezka pro chodce a cyklisty (nedělená) - C9,1998,2409,2022/12/16 00:00:00+00,{798DBFCD-3926-4E17-8BDC-82F5A579353D},0.0273649092529967
558,59,Vyhrazený jízdní pruh pro cyklisty - V14,2010,59.790001,2022/12/16 00:00:00+00,{7C2E46DA-1F1D-4C7D-804D-CB149C54E1B8},0.000818188633666108
559,92,Piktogramový koridor pro cyklisty - V20,2014,273.26999,2022/12/16 00:00:00+00,{9C234A37-2D09-4E38-B081-B5A764E77293},0.00248496254647956
560,91,Piktogramový koridor pro cyklisty - V20,2014,72.400002,2022/12/16 00:00:00+00,{D72D75D8-589E-4EBA-AA57-89F32A27D7A6},0.000655508185253963
561,89,Piktogramový koridor pro cyklisty - V20,2014,208.19,2022/12/16 00:00:00+00,{98A71509-4483-4632-A292-A04922DA187D},0.00189392665847939
562,88,Piktogramový koridor pro cyklisty - V20,2014,16.42,2022/12/16 00:00:00+00,{F415C9FD-871E-40DB-8873-FB9805CF9142},0.000148508474871489
563,83,Piktogramový koridor pro cyklisty - V20,2014,54.900002,2022/12/16 00:00:00+00,{656AE87E-3792-4017-ADAB-24AEFDFBD901},0.000502081602683701
564,82,Stezka pro chodce a cyklisty (nedělená) - C9,2005,170.7,2022/12/16 00:00:00+00,{8D86B7A3-721B-4E3F-AFF6-186128578AF6},0.00232700643140566
565,81,Piktogramový koridor pro cyklisty - V20,1994,33.610001,2022/12/16 00:00:00+00,{5DF03C9D-C0C3-4D06-B7EC-478E7B58E877},0.000369750167066359
566,80,Piktogramový koridor pro cyklisty - V20,1994,34.459999,2022/12/16 00:00:00+00,{C285FD48-EC4A-4524-848D-6DD585FFCDA9},0.00035167066205731
567,79,Stezka pro chodce a cyklisty (nedělená) - C9,1994,117.47,2022/12/16 00:00:00+00,{1FAA448B-B7AA-4464-ACA6-960DBA5E8FF5},0.00122402617113089
568,78,Stezka pro chodce a cyklisty (nedělená) - C9,1994,380.13,2022/12/16 00:00:00+00,{9D78B387-1C23-43CB-82E3-462B9C74B415},0.00411981746824661
569,76,Vyhrazený jízdní pruh pro cyklisty - V14,2013,34.139999,2022/12/16 00:00:00+00,{882F7AE1-5F6B-413B-A195-DD9A2E4D268C},0.000465804165754762
570,90,Ostatní,2014,31.91,2022/12/16 00:00:00+00,{C6B46712-C97E-4AAF-9104-F576F739E23B},0.00028897589911873
571,431,Vjezd cyklistům povolen,2018,264.35999,2022/12/16 00:00:00+00,{76CA5913-D1E9-4825-AA59-79763A9FA290},0.00322374567519663
572,29,Stezka pro chodce a cyklisty (nedělená) - C9,2012,1194.48,2022/12/16 00:00:00+00,{31090019-962C-4C1A-BF7C-6C4647CBAB4B},0.0142456758541134
573,28,"Vyhrazený pruh pro taxi, cyklo, bus",2016,28.959999,2022/12/16 00:00:00+00,{523B3821-C121-4E04-9A3A-558F5F255560},0.00278582322453555
574,541,Zákaz vjezdu všech motorových vozidel - B11,2015,1366.15,2022/12/16 00:00:00+00,{D4AC93C2-9D10-49C9-B53F-AAD62C6638B6},0.017498511828512
575,25,Piktogramový koridor pro cyklisty - V20,2016,153.05,2022/12/16 00:00:00+00,{5FD2CE33-9F51-4DEA-A959-BCF3C86B159E},0.00182929585665312
576,22,Stezka pro chodce a cyklisty (nedělená) - C9,2006,515.64001,2022/12/16 00:00:00+00,{A50C88C3-9E75-4326-B5B7-DA6A6855FD7E},0.0055239753293111
577,12,Stezka pro cyklisty - C8,2002,58.990002,2022/12/16 00:00:00+00,{2FE3F684-F644-4456-80FD-E78A2EBD4AB5},0.000772879196129253
578,542,Zákaz vjezdu všech motorových vozidel - B11,2015,639.40997,2022/12/16 00:00:00+00,{858D6816-105B-4E3C-984C-3078093AE807},0.00690237550442487
579,543,Zákaz vjezdu všech motorových vozidel - B11,2011,1386.29,2022/12/16 00:00:00+00,{DB139CB6-6342-4C92-8073-F9C4D16DFB32},0.0148278143145816
580,544,Zákaz vjezdu všech motorových vozidel - B11,2015,166.49001,2022/12/16 00:00:00+00,{5094EB81-4076-461A-A3C0-6A7243FBAD45},0.0019127404326116
581,545,Zákaz vjezdu všech motorových vozidel - B11,2008,1249.6899,2022/12/16 00:00:00+00,{2B5363F3-E1DE-4D4A-8BA7-490C7AD634A8},0.0154511085542723
582,546,Zákaz vjezdu všech motorových vozidel - B11,2002,270.85001,2022/12/16 00:00:00+00,{32212E71-4AA6-4FCD-881A-5C35B2F6A220},0.00263007025786301
583,547,Zákaz vjezdu všech motorových vozidel - B11,2002,181.44,2022/12/16 00:00:00+00,{E767D555-413C-429E-BE53-119AF15C5BDB},0.00181085434889466
584,251,Vyhrazený jízdní pruh pro cyklisty - V14,2017,9.9099998,2022/12/16 00:00:00+00,{5D998DAF-C336-4180-BC17-E8A706EF923E},0.000172028087722939
585,347,Vjezd cyklistům povolen,2015,59.060001,2022/12/16 00:00:00+00,{271EE4D2-CCE5-4265-B169-B86A6F51889A},0.000729308778676722
586,432,Vjezd cyklistům povolen,2018,777.25,2022/12/16 00:00:00+00,{1BC9E9D9-F50A-40C9-823A-741A93BF496B},0.00780114276387081
587,445,Stezka pro chodce a cyklisty (nedělená) - C9,2017,54.990002,2022/12/16 00:00:00+00,{29BCF3E6-19B7-48E5-A8B0-4A8C55C352D4},0.000574835994266407
588,446,Stezka pro chodce a cyklisty (nedělená) - C9,2017,98.110001,2022/12/16 00:00:00+00,{83F014C5-C7ED-4292-85B1-7DF505A2FA04},0.00113298171228911
589,337,Jízda cyklistů v protisměru - E12,2012,284.76001,2022/12/16 00:00:00+00,{7D5C36B9-829F-4FC0-B3D9-8E6578423215},0.00233539055165065
590,278,Jízda cyklistů v protisměru - E12,2002,173.32001,2022/12/16 00:00:00+00,{7FE1FDEF-9AA0-45D5-AF67-7D130E497169},0.0023166011306574
591,277,Jízda cyklistů v protisměru - E12,2002,126.77,2022/12/16 00:00:00+00,{59258EE4-3293-433B-A53C-ED2A58063103},0.00166955974436167
592,276,Jízda cyklistů v protisměru - E12,2002,196.50999,2022/12/16 00:00:00+00,{CD187074-F07D-4B06-B119-9842F55226A6},0.00257770510607081
593,249,Jízda cyklistů v protisměru - E12,2014,74.68,2022/12/16 00:00:00+00,{A44BF52B-583C-4B42-B5B8-6614B21CA0BD},0.000945287144429877
594,453,Vjezd cyklistům povolen,2015,78.120003,2022/12/16 00:00:00+00,{0B071FFD-863C-4E19-BD0B-95D391A82283},0.00103294173571582
595,452,Vjezd cyklistům povolen,2015,17.15,2022/12/16 00:00:00+00,{E8439F05-0558-4327-B7EB-A345D64EB462},0.000234946732484156
596,298,Jízda cyklistů v protisměru (piktogram),2014,130.99001,2022/12/16 00:00:00+00,{8251BC80-4D0F-40E3-987B-23BF466A0AEB},0.00146304293446924
597,152,Jízda cyklistů v protisměru - E12,2014,153.33,2022/12/16 00:00:00+00,{402C1981-C3AC-4164-88ED-2473DD3BFB08},0
598,299,Piktogramový koridor pro cyklisty - V20,2014,132.75999,2022/12/16 00:00:00+00,{F03B079F-9DF5-475F-B46D-0AD4A7FEE5D2},0
599,218,Úsek byl zrušen,2014,55.509998,2022/12/16 00:00:00+00,{EEDE217E-5685-46F9-80DA-0B3939736145},0.000760834164234678
